feature,Cycles_to_WW,Cycles_to_HPC_SV,Cycles_to_HPT_SV,abs_max_corr
tri_ratio_diff_Sensed_Mach_Sensed_T3_Sensed_T5,-0.10294381058167776,-0.4412619441444915,-0.8625915964428386,0.8625915964428386
tri_ratio_diff_Sensed_Fan_Speed_Sensed_T3_Sensed_T5,-0.09969619287420044,-0.4406386696035205,-0.8426034257856948,0.8426034257856948
tri_ratio_diff_Sensed_Core_Speed_Sensed_T3_Sensed_T5,-0.10035506775538502,-0.4433054048584353,-0.8302945391884967,0.8302945391884967
tri_ratio_diff_Sensed_Altitude_Sensed_T3_Sensed_T5,-0.08981785839704635,-0.4166055707283749,-0.8120509473000787,0.8120509473000787
tri_ratio_diff_Sensed_Pamb_Sensed_T3_Sensed_T5,-0.09561325526021934,-0.417912416565943,-0.8084616676069724,0.8084616676069724
temp_increment_squared_Sensed_T3_Sensed_T45,-0.08790660984972946,-0.3349558452364493,-0.7817410973764101,0.7817410973764101
tri_ratio_diff_Sensed_Fan_Speed_Sensed_T3_Sensed_T45,0.10650705486255141,0.43960978507241966,0.7359576791704159,0.7359576791704159
tri_ratio_diff_Sensed_Core_Speed_Sensed_T3_Sensed_T45,0.09839250069372431,0.41146263891381685,0.7180934106630107,0.7180934106630107
temp_increment_Sensed_T3_Sensed_T5,-0.08048427013221685,-0.39747266552497523,-0.6483765400745674,0.6483765400745674
ratio_inv_Sensed_T3_Sensed_T5,-0.08048427015999422,-0.3974726656500447,-0.6483765398459999,0.6483765398459999
ratio_squared_Sensed_Ps3_Sensed_P25,0.05829145559473081,0.2607132899492272,0.5937252886768347,0.5937252886768347
temp_increment_squared_Sensed_T25_Sensed_T5,-0.11824377712121431,-0.5862213571060129,-0.5248417151343909,0.5862213571060129
press_ratio_Sensed_Ps3_Sensed_P25,0.055976072142848346,0.25336075779091904,0.5798731479942902,0.5798731479942902
ratio_Sensed_Ps3_Sensed_P25,0.055976072142848346,0.25336075779091904,0.5798731479942902,0.5798731479942902
diff_Sensed_T3_Sensed_T5,0.05618299892418107,0.3088807130166831,0.5794018658691542,0.5794018658691542
temp_diff_Sensed_T3_Sensed_T5,0.05618299892418107,0.3088807130166831,0.5794018658691542,0.5794018658691542
ratio_inv_Sensed_T3_Sensed_T45,-0.05770588251270352,-0.2524713335005509,-0.5769897976190971,0.5769897976190971
temp_increment_Sensed_T3_Sensed_T45,-0.057705882475677234,-0.2524713333313724,-0.5769897976012153,0.5769897976012153
tri_ratio_diff_Sensed_Altitude_Sensed_T3_Sensed_T45,0.09350340350858455,0.3534587294839904,0.5673391348409553,0.5673391348409553
tri_ratio_diff_Sensed_Pamb_Sensed_T3_Sensed_T45,0.08199748423289516,0.34756224713791695,0.5671145379476312,0.5671145379476312
tri_ratio_diff_Sensed_Mach_Sensed_T3_Sensed_T45,0.07148417099086585,0.31800246583137937,0.5075766857250124,0.5075766857250124
meta_product_T3T45_Ps3P25,0.04351446007157454,0.21822977767811425,0.5014352690159664,0.5014352690159664
ratio_inv_Sensed_T25_Sensed_T5,-0.09544388234350978,-0.48776952547452657,-0.4328712992165088,0.48776952547452657
temp_increment_Sensed_T25_Sensed_T5,-0.09544388229863528,-0.48776952529405415,-0.43287129911855426,0.48776952529405415
diff_Sensed_T3_Sensed_T45,0.06217346207432227,0.28877988669257804,0.4735363007862366,0.4735363007862366
temp_diff_Sensed_T3_Sensed_T45,0.06217346207432227,0.28877988669257804,0.4735363007862366,0.4735363007862366
temp_increment_squared_Sensed_T25_Sensed_T45,-0.09456719872700467,-0.45788108759462165,-0.4622381103051724,0.4622381103051724
tri_ratio_diff_Sensed_WFuel_Sensed_Fan_Speed_Sensed_T45,0.11484427038640384,0.4487743684668488,0.3974205332644427,0.4487743684668488
tri_ratio_diff_Sensed_Altitude_Sensed_Fan_Speed_Sensed_T5,-0.09053164431931027,-0.4486647882758086,-0.4100176085239111,0.4486647882758086
tri_ratio_diff_Sensed_Pamb_Sensed_Fan_Speed_Sensed_T45,0.11119369444245976,0.4459412822752092,0.4056591565209627,0.4459412822752092
quad_diff_ratio_Sensed_Pamb_Sensed_VAFN_Sensed_Fan_Speed_Sensed_T45,-0.11179692152958187,-0.44483150200520427,-0.3947400341873514,0.44483150200520427
tri_ratio_diff_Sensed_Altitude_Sensed_Fan_Speed_Sensed_T45,0.11362885565179168,0.4434929416111772,0.4005493171528085,0.4434929416111772
tri_ratio_diff_Sensed_Mach_Sensed_Fan_Speed_Sensed_T45,0.10897499345476709,0.44222123365908156,0.39926739791451504,0.44222123365908156
tri_ratio_sum_Sensed_T3_Sensed_P25_Sensed_T5,0.0473720743400666,0.2651229524528339,0.4369242252709743,0.4369242252709743
tri_ratio_diff_Sensed_Mach_Sensed_Fan_Speed_Sensed_T5,-0.1009759904115984,-0.4364889711796142,-0.40094128313288024,0.4364889711796142
tri_ratio_diff_Sensed_Pamb_Sensed_Fan_Speed_Sensed_T5,-0.09692691345371598,-0.43471233909960105,-0.3866587467808045,0.43471233909960105
tri_diff_ratio_Sensed_T3_Sensed_P25_Sensed_T5,0.04657289899830823,0.26170749805070187,0.43037649133970046,0.43037649133970046
temp_diff_Sensed_T25_Sensed_T5,0.08558279455810354,0.4288418552111142,0.35451127369938484,0.4288418552111142
diff_Sensed_T25_Sensed_T5,0.08558279455810354,0.4288418552111142,0.35451127369938484,0.4288418552111142
tri_diff_ratio_Sensed_Pamb_Sensed_T3_Sensed_T5,-0.04665190391870973,-0.26151632642687894,-0.4253813241767562,0.4253813241767562
tri_weighted_Sensed_WFuel_Sensed_T3_Sensed_T5,0.04692967447842729,0.2626148820342551,0.4253216598365601,0.4253216598365601
tri_sum_ratio_Sensed_WFuel_Sensed_T3_Sensed_T5,0.04685712237939006,0.2624357766979714,0.4251653406559293,0.4251653406559293
tri_mean_ratio_Sensed_WFuel_Sensed_T3_Sensed_T5,0.04685712237939006,0.2624357766979714,0.4251653406559293,0.4251653406559293
tri_diff_ratio_Sensed_Mach_Sensed_T3_Sensed_T5,-0.046778057119224545,-0.26220151651579116,-0.4250760152371187,0.4250760152371187
temp_ratio_Sensed_T3_Sensed_T5,0.04678432640491802,0.262255158786036,0.42500648459327506,0.42500648459327506
ratio_Sensed_T3_Sensed_T5,0.04678432640491802,0.262255158786036,0.42500648459327506,0.42500648459327506
tri_sum_ratio_Sensed_Mach_Sensed_T3_Sensed_T5,0.046790566650756614,0.262308621028944,0.42493680802168593,0.42493680802168593
tri_mean_ratio_Sensed_Mach_Sensed_T3_Sensed_T5,0.046790566650756614,0.262308621028944,0.42493680802168593,0.42493680802168593
tri_weighted_Sensed_Mach_Sensed_T3_Sensed_T5,0.04679677792048694,0.262361903598506,0.4248669861243456,0.4248669861243456
tri_diff_ratio_Sensed_WFuel_Sensed_T3_Sensed_T5,-0.04671128843091177,-0.26207303472563603,-0.42484509965842654,0.42484509965842654
temp_increment_squared_Sensed_T25_Sensed_T3,-0.023544754431663498,-0.16625946046456985,0.4247321559589755,0.4247321559589755
tri_mean_ratio_Sensed_Pamb_Sensed_T3_Sensed_T5,0.046913827549611,0.26297764575287624,0.42461896117107645,0.42461896117107645
tri_sum_ratio_Sensed_Pamb_Sensed_T3_Sensed_T5,0.046913827549611,0.26297764575287624,0.42461896117107645,0.42461896117107645
tri_weighted_Sensed_Pamb_Sensed_T3_Sensed_T5,0.04704045446857456,0.263684051422053,0.4242191735158587,0.4242191735158587
tri_weighted_Sensed_T3_Sensed_P25_Sensed_T5,0.04687685990843997,0.26246293793893294,0.4222913138444287,0.4222913138444287
tri_mean_ratio_Sensed_T3_Sensed_P25_Sensed_T5,0.046961070588426794,0.2626292955908547,0.41956038101805465,0.41956038101805465
tri_sum_ratio_Sensed_T3_Sensed_P25_Sensed_T5,0.046961070588426794,0.2626292955908547,0.41956038101805465,0.41956038101805465
tri_weighted_Sensed_T3_Sensed_T45_Sensed_T5,0.05200930162835018,0.29638343508697196,0.41800522561681747,0.41800522561681747
tri_ratio_sum_Sensed_T3_Sensed_T45_Sensed_T5,0.03973272625411509,0.2152560402933959,0.4167523088243304,0.4167523088243304
tri_ratio_diff_Sensed_T3_Sensed_P25_Sensed_T5,0.046118020160540646,0.2590087138709691,0.41264784071069605,0.41264784071069605
ratio_Sensed_TAT_Sensed_T5,0.0716608868533681,0.40593401070671986,0.36105833941817894,0.40593401070671986
tri_sum_ratio_Sensed_T3_Sensed_T45_Sensed_T5,0.05404946155730389,0.31132228217984126,0.3971158753643711,0.3971158753643711
tri_mean_ratio_Sensed_T3_Sensed_T45_Sensed_T5,0.05404946155730389,0.31132228217984126,0.3971158753643711,0.3971158753643711
tri_ratio_sum_Sensed_T3_Sensed_T45_Sensed_P25,0.03182273873324057,0.16622166017289497,0.3794580422359622,0.3794580422359622
ratio_inv_Sensed_T25_Sensed_T3,-0.02350223869227202,-0.14561367302146322,0.37813236593257393,0.37813236593257393
temp_increment_Sensed_T25_Sensed_T3,-0.023502238620717472,-0.1456136727031877,0.3781323656415723,0.3781323656415723
tri_mean_ratio_Sensed_Fan_Speed_Sensed_T3_Sensed_T5,0.06276455319859285,0.3387636473347115,0.3771244254136394,0.3771244254136394
tri_sum_ratio_Sensed_Fan_Speed_Sensed_T3_Sensed_T5,0.06276455319859285,0.3387636473347115,0.3771244254136394,0.3771244254136394
tri_diff_ratio_Sensed_WFuel_Sensed_T3_Sensed_T45,-0.031710501418234956,-0.16641828144738222,-0.3752236993730377,0.3752236993730377
tri_weighted_Sensed_Pamb_Sensed_T3_Sensed_T45,0.03209280792285803,0.1683073479175594,0.3751819603592982,0.3751819603592982
tri_sum_ratio_Sensed_Pamb_Sensed_T3_Sensed_T45,0.03193545598971195,0.16737788820034122,0.37517135574610483,0.37517135574610483
tri_mean_ratio_Sensed_Pamb_Sensed_T3_Sensed_T45,0.03193545598971195,0.16737788820034122,0.37517135574610483,0.37517135574610483
tri_diff_ratio_Sensed_Mach_Sensed_T3_Sensed_T45,-0.03176357737648751,-0.16634368246756465,-0.37514597937128447,0.37514597937128447
ratio_Sensed_T3_Sensed_T45,0.0317756893848367,0.1664350829585456,0.37514448835301506,0.37514448835301506
temp_ratio_Sensed_T3_Sensed_T45,0.0317756893848367,0.1664350829585456,0.37514448835301506,0.37514448835301506
tri_mean_ratio_Sensed_Mach_Sensed_T3_Sensed_T45,0.03178777650698135,0.16652633709045656,0.37514278625951214,0.37514278625951214
tri_sum_ratio_Sensed_Mach_Sensed_T3_Sensed_T45,0.03178777650698135,0.16652633709045656,0.37514278625951214,0.37514278625951214
tri_weighted_Sensed_Mach_Sensed_T3_Sensed_T45,0.031799838759267784,0.1666174449153595,0.37514087345717434,0.37514087345717434
tri_diff_ratio_Sensed_Pamb_Sensed_T3_Sensed_T45,-0.03161349161030763,-0.16547885271989454,-0.3751010416323878,0.3751010416323878
tri_sum_ratio_Sensed_WFuel_Sensed_T3_Sensed_T45,0.03184031767132998,0.16644904091586837,0.3750588996832959,0.3750588996832959
tri_mean_ratio_Sensed_WFuel_Sensed_T3_Sensed_T45,0.03184031767132998,0.16644904091586837,0.3750588996832959,0.3750588996832959
tri_weighted_Sensed_WFuel_Sensed_T3_Sensed_T45,0.03190438344771337,0.1664601570592911,0.37496694325912894,0.37496694325912894
tri_sum_ratio_Sensed_Fan_Speed_Sensed_T3_Sensed_T45,0.0541838122915444,0.28361413946041236,0.3726585095688097,0.3726585095688097
tri_mean_ratio_Sensed_Fan_Speed_Sensed_T3_Sensed_T45,0.0541838122915444,0.28361413946041236,0.3726585095688097,0.3726585095688097
tri_prod_ratio_Sensed_Core_Speed_Sensed_T3_Sensed_T5,0.026267694373755594,0.18447988855837155,0.3725866200358666,0.3725866200358666
tri_ratio_diff_Sensed_T3_Sensed_T45_Sensed_P25,0.03170439864103026,0.16653321083218467,0.37057247706582774,0.37057247706582774
tri_ratio_sum_Sensed_Fan_Speed_Sensed_P25_Sensed_T5,0.06966881250928263,0.36907500516062036,0.31801996565380597,0.36907500516062036
tri_diff_ratio_Sensed_T3_Sensed_T45_Sensed_P25,0.046017571357124074,0.22282337701068874,0.3682680156072282,0.3682680156072282
tri_prod_ratio_Sensed_Fan_Speed_Sensed_T3_Sensed_T5,0.03316084672120861,0.20393746565712484,0.3672577994601311,0.3672577994601311
tri_diff_ratio_Sensed_Fan_Speed_Sensed_P25_Sensed_T5,0.0691534069125111,0.36653874941150183,0.31493134242519794,0.36653874941150183
tri_weighted_Sensed_WFuel_Sensed_Fan_Speed_Sensed_T5,0.06879352500549932,0.3641005188532469,0.3109954404879448,0.3641005188532469
tri_diff_ratio_Sensed_Pamb_Sensed_Fan_Speed_Sensed_T5,-0.06871133631641921,-0.36389051709698383,-0.31098711120872263,0.36389051709698383
tri_sum_ratio_Sensed_WFuel_Sensed_Fan_Speed_Sensed_T5,0.06872383245430526,0.36387985001362116,0.3108500733794147,0.36387985001362116
tri_mean_ratio_Sensed_WFuel_Sensed_Fan_Speed_Sensed_T5,0.06872383245430526,0.36387985001362116,0.3108500733794147,0.36387985001362116
tri_diff_ratio_Sensed_Mach_Sensed_Fan_Speed_Sensed_T5,-0.06866474904362599,-0.3636960334826885,-0.3107514990467397,0.3636960334826885
ratio_Sensed_Fan_Speed_Sensed_T5,0.0686539940453191,0.36365828353519736,0.3107039029928007,0.36365828353519736
tri_sum_ratio_Sensed_Mach_Sensed_Fan_Speed_Sensed_T5,0.06864323777262535,0.3636205097058496,0.31065630021114954,0.3636205097058496
tri_mean_ratio_Sensed_Mach_Sensed_Fan_Speed_Sensed_T5,0.06864323777262535,0.3636205097058496,0.31065630021114954,0.3636205097058496
tri_weighted_Sensed_Mach_Sensed_Fan_Speed_Sensed_T5,0.06863248024685817,0.3635827121213412,0.3106086907990166,0.3635827121213412
tri_diff_ratio_Sensed_WFuel_Sensed_Fan_Speed_Sensed_T5,-0.06858401084761806,-0.3634358239148721,-0.31055693283121066,0.3634358239148721
tri_sum_ratio_Sensed_Pamb_Sensed_Fan_Speed_Sensed_T5,0.06859645813978334,0.3634244102310721,0.31042002195544627,0.3634244102310721
tri_mean_ratio_Sensed_Pamb_Sensed_Fan_Speed_Sensed_T5,0.06859645813978334,0.3634244102310721,0.31042002195544627,0.3634244102310721
tri_weighted_Sensed_Pamb_Sensed_Fan_Speed_Sensed_T5,0.06853874156089296,0.3631889716261287,0.3101355248361566,0.3631889716261287
tri_weighted_Sensed_Fan_Speed_Sensed_P25_Sensed_T5,0.06840699178495781,0.36223538448794745,0.3086276092769709,0.36223538448794745
temp_increment_squared_Sensed_T3_Sensed_T5,0.03858916972647802,0.22645652735440502,0.3613371238496852,0.3613371238496852
tri_mean_ratio_Sensed_Fan_Speed_Sensed_P25_Sensed_T5,0.06816184848299696,0.3608242868643373,0.3065760847514312,0.3608242868643373
tri_sum_ratio_Sensed_Fan_Speed_Sensed_P25_Sensed_T5,0.06816184848299696,0.3608242868643373,0.3065760847514312,0.3608242868643373
tri_weighted_Sensed_Fan_Speed_Sensed_T45_Sensed_T5,0.06704385873042383,0.3607928575706177,0.2994616596795186,0.3607928575706177
ratio_inv_Sensed_T25_Sensed_T45,-0.07382566773307714,-0.3605610230205902,-0.36078418903869325,0.36078418903869325
temp_increment_Sensed_T25_Sensed_T45,-0.07382566768684118,-0.36056102282312924,-0.3607841888934017,0.3607841888934017
tri_prod_ratio_Sensed_Fan_Speed_Sensed_Core_Speed_Sensed_T5,0.05667154152017893,0.3371743470593444,0.35840851816424907,0.35840851816424907
tri_ratio_diff_Sensed_Fan_Speed_Sensed_P25_Sensed_T5,0.06758251664526554,0.3580067608533574,0.303223981803421,0.3580067608533574
tri_mean_ratio_Sensed_Fan_Speed_Sensed_T45_Sensed_T5,0.06514939926480015,0.3550014354876295,0.28792435189110394,0.3550014354876295
tri_sum_ratio_Sensed_Fan_Speed_Sensed_T45_Sensed_T5,0.06514939926480015,0.3550014354876295,0.28792435189110394,0.3550014354876295
tri_weighted_Sensed_Fan_Speed_Sensed_T3_Sensed_T5,0.06556076603006193,0.35120395712031616,0.35475722942993543,0.35475722942993543
tri_weighted_Sensed_Fan_Speed_Sensed_T3_Sensed_T45,0.05870238735939495,0.3072304658157272,0.3543376882530269,0.3543376882530269
tri_ratio_sum_Sensed_Fan_Speed_Sensed_T45_Sensed_T5,0.06744014479333123,0.3536621098962991,0.3161521860012312,0.3536621098962991
tri_prod_ratio_Sensed_Altitude_Sensed_T3_Sensed_T5,0.05025633559070874,0.22096660844692823,0.35360575298882535,0.35360575298882535
tri_ratio_diff_Sensed_WFuel_Sensed_Fan_Speed_Sensed_T5,-0.06449066968419509,-0.35231234425330105,-0.34078293839368423,0.35231234425330105
ratio_Sensed_TAT_Sensed_T45,0.06159783563826362,0.3517172738544736,0.3418367163492469,0.3517172738544736
tri_ratio_sum_Sensed_Fan_Speed_Sensed_T3_Sensed_T5,0.06824089959386131,0.3490932830950154,0.16113946530293752,0.3490932830950154
tri_prod_ratio_Sensed_Pamb_Sensed_T3_Sensed_T5,0.030207862925286735,0.2074630304763465,0.34883387500387764,0.34883387500387764
tri_ratio_sum_Sensed_Fan_Speed_Sensed_T3_Sensed_T45,0.0688868709328321,0.34804976397126586,0.19593570272055472,0.34804976397126586
meta_diff_T3T45_T3T5,-0.047819019982144315,-0.2798980490114892,-0.34677376244181823,0.34677376244181823
tri_diff_ratio_Sensed_T3_Sensed_T45_Sensed_T5,0.02352476409033863,0.12043440349025489,0.34243351325597515,0.34243351325597515
ratio_squared_Sensed_TAT_Sensed_T5,0.058353216062676766,0.34083702270331806,0.29968893068803476,0.34083702270331806
tri_diff_ratio_Sensed_Fan_Speed_Sensed_T45_Sensed_T5,0.06714286905690124,0.33864542846943324,0.3157438133600253,0.33864542846943324
ratio_squared_Sensed_TAT_Sensed_T3,0.05776538359429597,0.3363506956064586,-0.12242065022035598,0.3363506956064586
quad_sum_ratio_Sensed_Pamb_Sensed_Fan_Speed_Sensed_Ps3_Sensed_T45,0.061993928313300015,0.3359228263609576,0.2811443211031055,0.3359228263609576
tri_ratio_sum_Sensed_Fan_Speed_Sensed_T45_Sensed_P25,0.06392644153724514,0.33468086423956667,0.31193103327914534,0.33468086423956667
temp_ratio_Sensed_T25_Sensed_T5,0.06135546412543809,0.33378722602933697,0.2916602180107292,0.33378722602933697
ratio_Sensed_T25_Sensed_T5,0.06135546412543809,0.33378722602933697,0.2916602180107292,0.33378722602933697
tri_weighted_Sensed_WFuel_Sensed_Fan_Speed_Sensed_T45,0.06365002594535764,0.33253696766167173,0.30797920150357294,0.33253696766167173
tri_mean_ratio_Sensed_WFuel_Sensed_Fan_Speed_Sensed_T45,0.0635067635198467,0.3320546579893362,0.30758736276848286,0.3320546579893362
tri_sum_ratio_Sensed_WFuel_Sensed_Fan_Speed_Sensed_T45,0.0635067635198467,0.3320546579893362,0.30758736276848286,0.3320546579893362
tri_diff_ratio_Sensed_Pamb_Sensed_Fan_Speed_Sensed_T45,-0.0634428866684203,-0.3318982329342933,-0.3076017566936109,0.3318982329342933
tri_diff_ratio_Sensed_Mach_Sensed_Fan_Speed_Sensed_T45,-0.06337362013478198,-0.3316015251166533,-0.3072412489140625,0.3316015251166533
ratio_Sensed_Fan_Speed_Sensed_T45,0.06336327581805856,0.33157044505464894,0.307193611640667,0.33157044505464894
tri_mean_ratio_Sensed_Mach_Sensed_Fan_Speed_Sensed_T45,0.0633529250757649,0.33153931118329655,0.3071459410142774,0.33153931118329655
tri_sum_ratio_Sensed_Mach_Sensed_Fan_Speed_Sensed_T45,0.0633529250757649,0.33153931118329655,0.3071459410142774,0.33153931118329655
tri_weighted_Sensed_Mach_Sensed_Fan_Speed_Sensed_T45,0.06334256794424578,0.331508123702432,0.3070982372121497,0.331508123702432
tri_mean_ratio_Sensed_Pamb_Sensed_Fan_Speed_Sensed_T45,0.0632834869487243,0.33124089789395395,0.30678481027633586,0.33124089789395395
tri_sum_ratio_Sensed_Pamb_Sensed_Fan_Speed_Sensed_T45,0.0632834869487243,0.33124089789395395,0.30678481027633586,0.33124089789395395
tri_diff_ratio_Sensed_WFuel_Sensed_Fan_Speed_Sensed_T45,-0.06321957042108897,-0.33108436376645645,-0.30679797948269827,0.33108436376645645
tri_weighted_Sensed_Pamb_Sensed_Fan_Speed_Sensed_T45,0.06320353873308174,0.33090969692113,0.30637544119049775,0.33090969692113
tri_ratio_diff_Sensed_Fan_Speed_Sensed_T45_Sensed_P25,0.06277735693213178,0.328361525111308,0.3023775781130269,0.328361525111308
tri_weighted_Sensed_Fan_Speed_Sensed_Core_Speed_Sensed_T5,0.05936201771695793,0.3282919380862344,0.3098608130009113,0.3282919380862344
ratio_Sensed_Ps3_Sensed_T45,0.051831396996639925,0.22919661980898948,0.32519815949476205,0.32519815949476205
tri_mean_ratio_Sensed_Fan_Speed_Sensed_Core_Speed_Sensed_T5,0.05846306962908482,0.32453846870268477,0.30879172772591124,0.32453846870268477
tri_sum_ratio_Sensed_Fan_Speed_Sensed_Core_Speed_Sensed_T5,0.05846306962908482,0.32453846870268477,0.30879172772591124,0.32453846870268477
tri_ratio_sum_Sensed_Core_Speed_Sensed_P25_Sensed_T5,0.05805614392818205,0.32384835715499577,0.31396319992825006,0.32384835715499577
ratio_squared_Sensed_Fan_Speed_Sensed_T5,0.059969158980387884,0.32356606397795795,0.2731269589416037,0.32356606397795795
tri_mean_ratio_Sensed_Core_Speed_Sensed_T45_Sensed_T5,0.05773328979277395,0.322590694828497,0.3073378482742271,0.322590694828497
tri_sum_ratio_Sensed_Core_Speed_Sensed_T45_Sensed_T5,0.05773328979277395,0.322590694828497,0.3073378482742271,0.322590694828497
tri_weighted_Sensed_Core_Speed_Sensed_T45_Sensed_T5,0.05756886907667521,0.32134456788706417,0.30738799959831564,0.32134456788706417
ratio_Sensed_Ps3_Sensed_T5,0.05501129359676678,0.2541546040592268,0.32104017007252833,0.32104017007252833
tri_diff_ratio_Sensed_Core_Speed_Sensed_P25_Sensed_T5,0.05741032161073113,0.32015980208525197,0.3076924951210719,0.32015980208525197
tri_weighted_Sensed_WFuel_Sensed_Core_Speed_Sensed_T5,0.05740195619339248,0.32005225157700956,0.3074087376269957,0.32005225157700956
tri_mean_ratio_Sensed_WFuel_Sensed_Core_Speed_Sensed_T5,0.05739637321251466,0.3200342055923267,0.30739552278034343,0.3200342055923267
tri_sum_ratio_Sensed_WFuel_Sensed_Core_Speed_Sensed_T5,0.05739637321251466,0.3200342055923267,0.30739552278034343,0.3200342055923267
tri_diff_ratio_Sensed_Pamb_Sensed_Core_Speed_Sensed_T5,-0.057392843991631845,-0.320027233693901,-0.30741148223257375,0.320027233693901
tri_diff_ratio_Sensed_Mach_Sensed_Core_Speed_Sensed_T5,-0.05739124719563879,-0.3200175865703765,-0.30738601694047035,0.3200175865703765
ratio_Sensed_Core_Speed_Sensed_T5,0.05739078954034388,0.32001615472822476,0.3073823029243685,0.32001615472822476
tri_sum_ratio_Sensed_Mach_Sensed_Core_Speed_Sensed_T5,0.05739033185641805,0.320014722645049,0.3073785888466669,0.320014722645049
tri_mean_ratio_Sensed_Mach_Sensed_Core_Speed_Sensed_T5,0.05739033185641805,0.320014722645049,0.3073785888466669,0.320014722645049
tri_weighted_Sensed_Mach_Sensed_Core_Speed_Sensed_T5,0.05738987414387251,0.320013290320918,0.3073748747074199,0.320013290320918
tri_sum_ratio_Sensed_Pamb_Sensed_Core_Speed_Sensed_T5,0.0573887337383642,0.32000506794730477,0.30735313006381726,0.32000506794730477
tri_mean_ratio_Sensed_Pamb_Sensed_Core_Speed_Sensed_T5,0.0573887337383642,0.32000506794730477,0.30735313006381726,0.32000506794730477
tri_diff_ratio_Sensed_WFuel_Sensed_Core_Speed_Sensed_T5,-0.05738520517742335,-0.31999809898708165,-0.30736907806114977,0.31999809898708165
tri_weighted_Sensed_Pamb_Sensed_Core_Speed_Sensed_T5,0.05738667659079749,0.31999397337986857,0.30732396366556436,0.31999397337986857
tri_weighted_Sensed_Core_Speed_Sensed_T3_Sensed_T5,0.05737283894322877,0.31995517297966897,0.3122242820950315,0.31995517297966897
tri_weighted_Sensed_Core_Speed_Sensed_P25_Sensed_T5,0.05738101687112726,0.31994432851975785,0.3072273752590461,0.31994432851975785
tri_mean_ratio_Sensed_Core_Speed_Sensed_P25_Sensed_T5,0.05737123984854982,0.31987250097134673,0.307072560017839,0.31987250097134673
tri_sum_ratio_Sensed_Core_Speed_Sensed_P25_Sensed_T5,0.05737123984854982,0.31987250097134673,0.307072560017839,0.31987250097134673
tri_diff_ratio_Sensed_Core_Speed_Sensed_T3_Sensed_T5,0.05737878718064139,0.3198651744683391,0.2967058023418512,0.3198651744683391
tri_sum_ratio_Sensed_Core_Speed_Sensed_T3_Sensed_T5,0.05734178626463443,0.31981932640218336,0.3167680136564389,0.31981932640218336
tri_mean_ratio_Sensed_Core_Speed_Sensed_T3_Sensed_T5,0.05734178626463443,0.31981932640218336,0.3167680136564389,0.31981932640218336
tri_prod_ratio_Sensed_Fan_Speed_Sensed_T3_Sensed_T45,0.020394603627364907,0.12296493317853671,0.3190368185249717,0.3190368185249717
ratio_inv_Sensed_Pt2_Sensed_P25,-0.019941818028734064,-0.15503696632042424,-0.31872478365452694,0.31872478365452694
diff_Sensed_T25_Sensed_T45,0.0701139501223821,0.3182385037177555,0.27173588435827345,0.3182385037177555
temp_diff_Sensed_T25_Sensed_T45,0.0701139501223821,0.3182385037177555,0.27173588435827345,0.3182385037177555
tri_diff_ratio_Sensed_Core_Speed_Sensed_T45_Sensed_T5,0.05699136442790801,0.3170997993409829,0.3071908300055637,0.3170997993409829
tri_ratio_diff_Sensed_Core_Speed_Sensed_P25_Sensed_T5,0.05666852584554147,0.315935724780827,0.30058976859348185,0.315935724780827
tri_diff_ratio_Sensed_Fan_Speed_Sensed_Core_Speed_Sensed_T5,-0.05609460149265472,-0.31449012126063947,-0.3055018891400207,0.31449012126063947
tri_prod_ratio_Sensed_Fan_Speed_Sensed_Core_Speed_Sensed_T45,0.0417356973091831,0.259283752360453,0.3143295343912648,0.3143295343912648
tri_prod_ratio_Sensed_Altitude_Sensed_T3_Sensed_T45,0.03808522439476385,0.13990888627157966,0.3128926637362327,0.3128926637362327
tri_prod_ratio_Sensed_Pamb_Sensed_Fan_Speed_Sensed_T5,0.05224911432454468,0.3111305601102957,0.27568882189206667,0.3111305601102957
tri_ratio_sum_Sensed_Core_Speed_Sensed_T3_Sensed_T5,0.056868861383422384,0.3075529198884468,0.1869589385899563,0.3075529198884468
tri_prod_ratio_Sensed_Altitude_Sensed_Fan_Speed_Sensed_T5,0.067251171884155,0.30540819381377116,0.2550794088093168,0.30540819381377116
ratio_squared_Sensed_TAT_Sensed_T45,0.05205745168914144,0.305380136903081,0.2939477274774625,0.305380136903081
ratio_squared_Sensed_Fan_Speed_Sensed_T45,0.05669146368633968,0.3009919997232664,0.2759975383170068,0.3009919997232664
tri_prod_ratio_Sensed_Pamb_Sensed_T3_Sensed_T45,0.017248125565093524,0.12565062926728515,0.2974801857342583,0.2974801857342583
tri_ratio_diff_Sensed_WFuel_Sensed_Fan_Speed_Sensed_T3,-0.05084967745939907,-0.2969154370908337,0.016967422471563687,0.2969154370908337
quad_diff_ratio_Sensed_Pamb_Sensed_Fan_Speed_Sensed_Ps3_Sensed_T45,-0.05640827360734034,-0.2930211745058228,-0.2958989307165186,0.2958989307165186
tri_ratio_sum_Sensed_Core_Speed_Sensed_T45_Sensed_T5,0.05148495089170445,0.2884569108792911,0.2945930453984954,0.2945930453984954
tri_sum_ratio_Sensed_Altitude_Sensed_Core_Speed_Sensed_T5,0.06038615506237924,0.2935169213499382,0.24891156787930147,0.2935169213499382
tri_mean_ratio_Sensed_Altitude_Sensed_Core_Speed_Sensed_T5,0.06038615506237924,0.2935169213499382,0.24891156787930147,0.2935169213499382
tri_diff_ratio_Sensed_Fan_Speed_Sensed_T3_Sensed_T5,0.05823024577736335,0.2917124888047395,0.016405742601938365,0.2917124888047395
ratio_inv_Sensed_Pt2_Sensed_Ps3,0.038291311553653715,0.11550269403984774,0.29110608356295664,0.29110608356295664
tri_prod_ratio_Sensed_Core_Speed_Sensed_T3_Sensed_T45,0.012184543007550714,0.0966928369228732,0.2899608351699506,0.2899608351699506
ratio_squared_Sensed_T3_Sensed_T5,0.026955803797366003,0.17884159143678752,0.2893184873781287,0.2893184873781287
tri_diff_ratio_Sensed_Core_Speed_Sensed_T45_Sensed_P25,0.017942762822149724,0.1386919790846108,0.28769356561428716,0.28769356561428716
ratio_squared_Sensed_TAT_Sensed_T25,0.06047231882528482,0.2864705803077021,0.25931476286141086,0.2864705803077021
tri_prod_ratio_Sensed_Altitude_Sensed_Core_Speed_Sensed_T5,0.05991592786941573,0.2821884365199018,0.26571528544924106,0.2821884365199018
press_diff_Sensed_Ps3_Sensed_P25,0.02315765123618322,0.08905984520457476,0.2796826674641364,0.2796826674641364
diff_Sensed_Ps3_Sensed_P25,0.02315765123618322,0.08905984520457476,0.2796826674641364,0.2796826674641364
tri_weighted_Sensed_Altitude_Sensed_Core_Speed_Sensed_T5,0.059776027537964765,0.27903945747131426,0.22654112634802454,0.27903945747131426
tri_mean_ratio_Sensed_Core_Speed_Sensed_T3_Sensed_T45,0.04390935378194762,0.24871092858703253,0.27727444166556525,0.27727444166556525
tri_sum_ratio_Sensed_Core_Speed_Sensed_T3_Sensed_T45,0.04390935378194762,0.24871092858703253,0.27727444166556525,0.27727444166556525
ratio_Sensed_TAT_Sensed_T3,0.04389091054888306,0.27713107857937447,-0.09667550477444076,0.27713107857937447
quad_diff_ratio_Sensed_VAFN_Sensed_Core_Speed_Sensed_Ps3_Sensed_T45,-0.037327978737052826,-0.21898662308485023,-0.2768044138140016,0.2768044138140016
inv_Sensed_T5,0.05515192030649564,0.27648230414148844,0.21042664458615992,0.27648230414148844
tri_ratio_sum_Sensed_Core_Speed_Sensed_T3_Sensed_T45,0.05082738566339949,0.2759406115466923,0.2025318980749177,0.2759406115466923
tri_weighted_Sensed_Fan_Speed_Sensed_Core_Speed_Sensed_T45,0.04674566478814012,0.2620690538548144,0.2747176110609514,0.2747176110609514
tri_prod_ratio_Sensed_Pamb_Sensed_Core_Speed_Sensed_T5,0.04308609518746036,0.2741218769574578,0.2725003717033695,0.2741218769574578
temp_increment_squared_Sensed_T45_Sensed_T5,0.04556975404400952,0.2730409878599745,0.1797243627943703,0.2730409878599745
ratio_squared_Sensed_T45_Sensed_T5,0.045401039767927115,0.27304041001529566,0.17959268219127134,0.27304041001529566
tri_weighted_Sensed_Core_Speed_Sensed_T3_Sensed_T45,0.043936353447431006,0.24924691909322355,0.272511520440253,0.272511520440253
tri_mean_ratio_Sensed_Fan_Speed_Sensed_Core_Speed_Sensed_T45,0.04544617920988208,0.25634591429420794,0.2713841266897896,0.2713841266897896
tri_sum_ratio_Sensed_Fan_Speed_Sensed_Core_Speed_Sensed_T45,0.04544617920988208,0.25634591429420794,0.2713841266897896,0.2713841266897896
reciprocal_sqrt_Sensed_T5,0.0528907255915268,0.2712795604061278,0.2083139828004808,0.2712795604061278
tri_ratio_sum_Sensed_Core_Speed_Sensed_T45_Sensed_P25,0.044196768656558666,0.2512637427897778,0.27080978613885714,0.27080978613885714
poly_Sensed_Ps3_Sensed_P25,0.02216288561533792,0.0842612993288914,0.26982318856954246,0.26982318856954246
tri_prod_ratio_Sensed_Altitude_Sensed_Pamb_Sensed_T5,0.05698102734376878,0.26921535929159474,0.207326516319229,0.26921535929159474
ratio_Sensed_T25_Sensed_T3,0.021074697132831926,0.09953397003853864,-0.26867961616488106,0.26867961616488106
temp_ratio_Sensed_T25_Sensed_T3,0.021074697132831926,0.09953397003853864,-0.26867961616488106,0.26867961616488106
ratio_Sensed_VAFN_Sensed_T5,0.05227840381504707,0.268290714302167,0.17336211129581397,0.268290714302167
ratio_inv_Sensed_Fan_Speed_Sensed_Ps3,0.02820665041399399,0.09595204099518269,0.26805830483907916,0.26805830483907916
tri_weighted_Sensed_WFuel_Sensed_Core_Speed_Sensed_T45,0.043963572516738963,0.24975958570633905,0.26748548041349396,0.26748548041349396
tri_mean_ratio_Sensed_WFuel_Sensed_Core_Speed_Sensed_T45,0.0439559009318002,0.24973651935676272,0.26746494627955814,0.26746494627955814
tri_sum_ratio_Sensed_WFuel_Sensed_Core_Speed_Sensed_T45,0.0439559009318002,0.24973651935676272,0.26746494627955814,0.26746494627955814
tri_diff_ratio_Sensed_Pamb_Sensed_Core_Speed_Sensed_T45,-0.043948032044359625,-0.24971296646204647,-0.2674636450730494,0.2674636450730494
tri_diff_ratio_Sensed_Mach_Sensed_Core_Speed_Sensed_T45,-0.04394830981489383,-0.24971283646542625,-0.2674462354487328,0.2674462354487328
ratio_Sensed_Core_Speed_Sensed_T45,0.04394822843364411,0.2497134443876572,0.26744440221701177,0.26744440221701177
tri_mean_ratio_Sensed_Mach_Sensed_Core_Speed_Sensed_T45,0.04394814700119119,0.2497140519553641,0.26744256875318667,0.26744256875318667
tri_sum_ratio_Sensed_Mach_Sensed_Core_Speed_Sensed_T45,0.04394814700119119,0.2497140519553641,0.26744256875318667,0.26744256875318667
tri_weighted_Sensed_Mach_Sensed_Core_Speed_Sensed_T45,0.04394806551754493,0.24971465916860486,0.26744073505731514,0.26744073505731514
tri_mean_ratio_Sensed_Pamb_Sensed_Core_Speed_Sensed_T45,0.043948421917761486,0.24971390624329118,0.2674251556867799,0.2674251556867799
tri_sum_ratio_Sensed_Pamb_Sensed_Core_Speed_Sensed_T45,0.043948421917761486,0.24971390624329118,0.2674251556867799,0.2674251556867799
tri_diff_ratio_Sensed_WFuel_Sensed_Core_Speed_Sensed_T45,-0.04394055502420045,-0.249690360807772,-0.2674238482347758,0.2674238482347758
tri_weighted_Sensed_Pamb_Sensed_Core_Speed_Sensed_T45,0.043948612502506715,0.24971435206154624,0.2674059055070854,0.2674059055070854
ratio_squared_Sensed_Core_Speed_Sensed_T5,0.04541078118402598,0.2669534124287824,0.25337836080519144,0.2669534124287824
ratio_squared_Sensed_T3_Sensed_T45,0.018187104874670356,0.11901057453431667,0.2660344253047736,0.2660344253047736
quad_diff_ratio_Sensed_Pamb_Sensed_Core_Speed_Sensed_Ps3_Sensed_T45,-0.04170972736129416,-0.23444909142944345,-0.26550932559993556,0.26550932559993556
tri_ratio_diff_Sensed_Core_Speed_Sensed_T45_Sensed_P25,0.0436838175891256,0.24809198271203886,0.2640049378101179,0.2640049378101179
tri_prod_ratio_Sensed_Altitude_Sensed_Fan_Speed_Sensed_T45,0.06146274027321009,0.2634308992244979,0.2374416350879046,0.2634308992244979
tri_diff_ratio_Sensed_Fan_Speed_Sensed_Core_Speed_Sensed_T45,-0.042207503279657714,-0.2419613654520324,-0.2627430825271421,0.2627430825271421
tri_prod_ratio_Sensed_Pamb_Sensed_Fan_Speed_Sensed_T45,0.042846464365004146,0.2626858775336197,0.254786963052051,0.2626858775336197
quad_diff_ratio_Sensed_Fan_Speed_Sensed_Core_Speed_Sensed_Ps3_Sensed_T45,-0.04034976381226414,-0.22872002776076283,-0.2618838038737138,0.2618838038737138
tri_weighted_Sensed_Pamb_Sensed_T45_Sensed_T5,0.04331115388022051,0.26182993512986924,0.17350296606253218,0.26182993512986924
quad_ratio_Sensed_VAFN_Sensed_Fan_Speed_Sensed_Core_Speed_Sensed_T45,0.05420364911281366,0.26173591046695543,0.14071960225908664,0.26173591046695543
tri_sum_ratio_Sensed_Pamb_Sensed_T45_Sensed_T5,0.04299708070814043,0.26019678903610804,0.17199648438656306,0.26019678903610804
tri_mean_ratio_Sensed_Pamb_Sensed_T45_Sensed_T5,0.04299708070814043,0.26019678903610804,0.17199648438656306,0.26019678903610804
tri_sum_ratio_Sensed_Pamb_Sensed_WFuel_Sensed_T5,0.05177841934877202,0.2599756664708761,0.1984762161545749,0.2599756664708761
tri_mean_ratio_Sensed_Pamb_Sensed_WFuel_Sensed_T5,0.05177841934877202,0.2599756664708761,0.1984762161545749,0.2599756664708761
tri_diff_ratio_Sensed_Core_Speed_Sensed_T3_Sensed_P25,0.01451798846460758,0.12178765145185619,0.2593928013253896,0.2593928013253896
tri_weighted_Sensed_WFuel_Sensed_T45_Sensed_T5,0.042923517564672706,0.2591308374808631,0.17070903401282705,0.2591308374808631
tri_diff_ratio_Sensed_T45_Sensed_P25_Sensed_T5,0.04240859132245828,0.258850489560426,0.1734293302790373,0.258850489560426
tri_mean_ratio_Sensed_WFuel_Sensed_T45_Sensed_T5,0.0427986841944966,0.25882147800857064,0.17057981702073322,0.25882147800857064
tri_sum_ratio_Sensed_WFuel_Sensed_T45_Sensed_T5,0.0427986841944966,0.25882147800857064,0.17057981702073322,0.25882147800857064
tri_weighted_Sensed_Mach_Sensed_T45_Sensed_T5,0.04269681849845083,0.25867114488233195,0.17059970862476115,0.25867114488233195
tri_mean_ratio_Sensed_Mach_Sensed_T45_Sensed_T5,0.0426850332397648,0.25858957027044593,0.17052377373124916,0.25858957027044593
tri_sum_ratio_Sensed_Mach_Sensed_T45_Sensed_T5,0.0426850332397648,0.25858957027044593,0.17052377373124916,0.25858957027044593
ratio_Sensed_T45_Sensed_T5,0.04267316597185169,0.2585074809187458,0.1704474604150567,0.2585074809187458
temp_ratio_Sensed_T45_Sensed_T5,0.04267316597185169,0.2585074809187458,0.1704474604150567,0.2585074809187458
tri_diff_ratio_Sensed_Mach_Sensed_T45_Sensed_T5,-0.04266121636740331,-0.25842487484105336,-0.17037076735920947,0.25842487484105336
ratio_inv_Sensed_Core_Speed_Sensed_P25,-0.017442860991169172,-0.10884458510795969,-0.25840002801649575,0.25840002801649575
tri_sum_ratio_Sensed_Altitude_Sensed_Fan_Speed_Sensed_T5,0.05874518682099058,0.25839134117052703,0.19394014696568695,0.25839134117052703
tri_mean_ratio_Sensed_Altitude_Sensed_Fan_Speed_Sensed_T5,0.05874518682099058,0.25839134117052703,0.19394014696568695,0.25839134117052703
tri_weighted_Sensed_Pamb_Sensed_WFuel_Sensed_T5,0.04887291422058451,0.25832125066078326,0.20070409862093103,0.25832125066078326
tri_ratio_sum_Sensed_T45_Sensed_P25_Sensed_T5,0.042054279294610336,0.25820181215991467,0.17476427055880694,0.25820181215991467
tri_weighted_Sensed_T45_Sensed_P25_Sensed_T5,0.04277455568518977,0.2581983706764365,0.16893599463472914,0.2581983706764365
tri_diff_ratio_Sensed_WFuel_Sensed_T45_Sensed_T5,-0.0425469726931197,-0.2581888806395172,-0.17031198272747847,0.2581888806395172
tri_mean_ratio_Sensed_T45_Sensed_P25_Sensed_T5,0.04285766527977993,0.2578106607297408,0.16741822040925572,0.2578106607297408
tri_sum_ratio_Sensed_T45_Sensed_P25_Sensed_T5,0.04285766527977993,0.2578106607297408,0.16741822040925572,0.2578106607297408
tri_ratio_diff_Sensed_T45_Sensed_P25_Sensed_T5,0.04306385146222318,0.2577390808938871,0.1656974371643049,0.2577390808938871
tri_diff_ratio_Sensed_Pamb_Sensed_T45_Sensed_T5,-0.04233924643305869,-0.25676097448385293,-0.1688552864802365,0.25676097448385293
ratio_inv_Sensed_Pamb_Sensed_Ps3,0.02788502773075027,0.08194190227446757,0.2564778124955554,0.2564778124955554
tri_diff_ratio_Sensed_Core_Speed_Sensed_T3_Sensed_T45,0.04391810874683122,0.25039221294075253,0.2563151504666161,0.2563151504666161
tri_weighted_Sensed_Mach_Sensed_Pamb_Sensed_T5,0.04483860479272449,0.25516845021639456,0.19946959825677546,0.25516845021639456
ratio_squared_Sensed_VAFN_Sensed_T5,0.04957940815520306,0.255088419036131,0.16165814198178485,0.255088419036131
tri_mean_ratio_Sensed_Altitude_Sensed_T3_Sensed_T5,0.05814188519096676,0.2544535584666081,0.19829354540169036,0.2544535584666081
tri_sum_ratio_Sensed_Altitude_Sensed_T3_Sensed_T5,0.05814188519096676,0.2544535584666081,0.19829354540169036,0.2544535584666081
sum_Sensed_WFuel_Sensed_Ps3,0.02208067499234349,0.07516616240481303,0.2540480790913823,0.2540480790913823
tri_weighted_Sensed_Altitude_Sensed_Fan_Speed_Sensed_T5,0.05810849120648619,0.25377141100615297,0.18935898046194644,0.25377141100615297
tri_mean_ratio_Sensed_Mach_Sensed_Pamb_Sensed_T5,0.04484200966241812,0.2532118042129965,0.19903255004152154,0.2532118042129965
tri_sum_ratio_Sensed_Mach_Sensed_Pamb_Sensed_T5,0.04484200966241812,0.2532118042129965,0.19903255004152154,0.2532118042129965
interact_alt_Sensed_Ps3,0.030447298918029563,0.07595339029109545,0.2531173017510506,0.2531173017510506
product_Sensed_Altitude_Sensed_Ps3,0.030447298918029563,0.07595339029109545,0.2531173017510506,0.2531173017510506
geometric_mean_Sensed_P25_Sensed_T5,-0.04566964672583848,-0.25273847961054846,-0.24788871864898462,0.25273847961054846
ratio_inv_Sensed_T25_Sensed_Ps3,0.04012363654602097,0.1365937831958463,0.2523070779538239,0.2523070779538239
tri_mean_ratio_Sensed_Altitude_Sensed_T45_Sensed_T5,0.057705062616242586,0.2518351464033708,0.1862033405466726,0.2518351464033708
tri_sum_ratio_Sensed_Altitude_Sensed_T45_Sensed_T5,0.057705062616242586,0.2518351464033708,0.1862033405466726,0.2518351464033708
tri_weighted_Sensed_Altitude_Sensed_T3_Sensed_T5,0.057795449675357206,0.25172186429847154,0.19150116596723354,0.25172186429847154
tri_ratio_sum_Sensed_Pamb_Sensed_P25_Sensed_T5,0.044825579260169446,0.2509549749520336,0.2001369462200153,0.2509549749520336
press_diff_Sensed_Pt2_Sensed_Ps3,-0.020338460906167987,-0.07539188814718178,-0.25052289949525053,0.25052289949525053
diff_Sensed_Pt2_Sensed_Ps3,-0.020338460906167987,-0.07539188814718178,-0.25052289949525053,0.25052289949525053
tri_weighted_Sensed_Altitude_Sensed_T45_Sensed_T5,0.05756752952683131,0.2503634617744249,0.18536466473703594,0.2503634617744249
square_Sensed_Ps3,0.020310044092435968,0.07440495167933825,0.2497717217117926,0.2497717217117926
tri_ratio_diff_Sensed_Pamb_Sensed_WFuel_Sensed_T5,0.04461903857909193,0.24959108938339697,0.1974379990663453,0.24959108938339697
ratio_Sensed_Pamb_Sensed_T5,0.04459373972844358,0.24951775366482606,0.19740606295717444,0.24951775366482606
tri_ratio_sum_Sensed_Pamb_Sensed_WFuel_Sensed_T5,0.044568462760174545,0.24944439407687616,0.1973740632118135,0.24944439407687616
tri_ratio_diff_Sensed_Altitude_Sensed_Pamb_Sensed_T5,0.05743503390524417,0.24920137937261053,0.18479315585479394,0.24920137937261053
press_diff_Sensed_Pamb_Sensed_Ps3,-0.02000890601323585,-0.07433144266500061,-0.24898301705772768,0.24898301705772768
diff_Sensed_Pamb_Sensed_Ps3,-0.02000890601323585,-0.07433144266500061,-0.24898301705772768,0.24898301705772768
tri_ratio_diff_Sensed_Altitude_Sensed_WFuel_Sensed_T5,0.05744806501653232,0.24892683884391748,0.18453232361312233,0.24892683884391748
tri_mean_ratio_Sensed_Altitude_Sensed_Pamb_Sensed_T5,0.05742423931453994,0.24887349134905434,0.18451976288388813,0.24887349134905434
tri_sum_ratio_Sensed_Altitude_Sensed_Pamb_Sensed_T5,0.05742423931453994,0.24887349134905434,0.18451976288388813,0.24887349134905434
tri_mean_ratio_Sensed_Altitude_Sensed_P25_Sensed_T5,0.05742091034245872,0.24886698958915932,0.1844294554109519,0.24886698958915932
tri_sum_ratio_Sensed_Altitude_Sensed_P25_Sensed_T5,0.05742091034245872,0.24886698958915932,0.1844294554109519,0.24886698958915932
tri_weighted_Sensed_Altitude_Sensed_Pamb_Sensed_T5,0.057423226415783304,0.24886001237768363,0.18450776429808272,0.24886001237768363
tri_ratio_diff_Sensed_Altitude_Sensed_Mach_Sensed_T5,0.05741570299706212,0.24885699648613877,0.18450011283675855,0.24885699648613877
tri_weighted_Sensed_Altitude_Sensed_P25_Sensed_T5,0.057421568697562424,0.24885679472341188,0.18446261975848433,0.24885679472341188
tri_mean_ratio_Sensed_Altitude_Sensed_WFuel_Sensed_T5,0.05742581101139026,0.24885553211061814,0.18450029192606343,0.24885553211061814
tri_sum_ratio_Sensed_Altitude_Sensed_WFuel_Sensed_T5,0.05742581101139026,0.24885553211061814,0.18450029192606343,0.24885553211061814
tri_weighted_Sensed_Altitude_Sensed_WFuel_Sensed_T5,0.057424011801132234,0.24885102980405932,0.18449802642314195,0.24885102980405932
tri_mean_ratio_Sensed_Altitude_Sensed_Mach_Sensed_T5,0.057421911585434034,0.2488475386336042,0.18449643308827166,0.2488475386336042
tri_sum_ratio_Sensed_Altitude_Sensed_Mach_Sensed_T5,0.057421911585434034,0.2488475386336042,0.18449643308827166,0.2488475386336042
tri_weighted_Sensed_Altitude_Sensed_Mach_Sensed_T5,0.057422062028670895,0.2488470327901928,0.18449609678894088,0.2488470327901928
ratio_Sensed_Altitude_Sensed_T5,0.057422212466935574,0.24884652689498427,0.1844957604522196,0.24884652689498427
tri_diff_ratio_Sensed_Altitude_Sensed_Mach_Sensed_T5,0.057422513328546074,0.24884551494916293,0.1844950876665959,0.24884551494916293
tri_ratio_diff_Sensed_Altitude_Sensed_P25_Sensed_T5,0.05730913796688179,0.24884346614759575,0.18305887139419721,0.24884346614759575
tri_diff_ratio_Sensed_Altitude_Sensed_WFuel_Sensed_T5,0.05741861342682006,0.24883751926958964,0.18449122710656496,0.24883751926958964
tri_ratio_sum_Sensed_Altitude_Sensed_Mach_Sensed_T5,0.05742870035336877,0.24883598480929844,0.18449135112344436,0.24883598480929844
tri_diff_ratio_Sensed_Altitude_Sensed_P25_Sensed_T5,0.05742345611339343,0.24882577176210258,0.18456197045024914,0.24882577176210258
tri_diff_ratio_Sensed_Altitude_Sensed_Pamb_Sensed_T5,0.05742018141670765,0.24881953638485155,0.1844717369721405,0.24881953638485155
tri_ratio_sum_Sensed_Altitude_Sensed_WFuel_Sensed_T5,0.05739638333724311,0.24876622967698997,0.18445916722893313,0.24876622967698997
tri_ratio_sum_Sensed_Altitude_Sensed_P25_Sensed_T5,0.057496241784278826,0.24871953139509162,0.18581051531997128,0.24871953139509162
harmonic_mean_Sensed_Altitude_Sensed_Ps3,0.019956392375620934,0.07415393035194447,0.24871352407023845,0.24871352407023845
tri_ratio_sum_Sensed_Altitude_Sensed_Pamb_Sensed_T5,0.057407059981831335,0.2484846164725634,0.18419282901617703,0.2484846164725634
diff_Sensed_Mach_Sensed_Ps3,-0.019824854840670706,-0.07405003272437288,-0.2484647000008519,0.2484647000008519
press_diff_Sensed_Pt2_Sensed_P25,0.026671489754046207,0.14518700394703102,0.24840295870440476,0.24840295870440476
diff_Sensed_Pt2_Sensed_P25,0.026671489754046207,0.14518700394703102,0.24840295870440476,0.24840295870440476
sum_Sensed_VBV_Sensed_Ps3,0.019779992119848693,0.07398209584494064,0.24821369154498435,0.24821369154498435
diff_Sensed_VBV_Sensed_Ps3,-0.01977973014938799,-0.0739818591657846,-0.2482114954804052,0.2482114954804052
harmonic_mean_Sensed_Core_Speed_Sensed_Ps3,0.01959478315281501,0.073521175629645,0.24803543231250877,0.24803543231250877
sum_Sensed_Mach_Sensed_Ps3,0.019734867771535092,0.07391373843602314,0.24795991411511636,0.24795991411511636
tri_ratio_diff_Sensed_Pamb_Sensed_P25_Sensed_T5,0.044331201730224576,0.24795688193837997,0.19456831938915792,0.24795688193837997
harmonic_mean_Sensed_VAFN_Sensed_Ps3,0.019930873063100676,0.0755094187598986,0.24764452942935025,0.24764452942935025
quad_sum_ratio_Sensed_Fan_Speed_Sensed_Core_Speed_Sensed_Ps3_Sensed_T45,0.04191972161331022,0.24756348768608874,0.2453167646625293,0.24756348768608874
press_sum_Sensed_Pamb_Sensed_Ps3,0.019550246227609612,0.07362642297855544,0.24741860315928524,0.24741860315928524
sum_Sensed_Pamb_Sensed_Ps3,0.019550246227609612,0.07362642297855544,0.24741860315928524,0.24741860315928524
tri_diff_ratio_Sensed_Fan_Speed_Sensed_T3_Sensed_T45,0.04722182687360475,0.24694059855312986,-0.0010993531108805764,0.24694059855312986
press_sum_Sensed_Pt2_Sensed_Ps3,0.019229055314137586,0.07258575551499913,0.24589313560360476,0.24589313560360476
sum_Sensed_Pt2_Sensed_Ps3,0.019229055314137586,0.07258575551499913,0.24589313560360476,0.24589313560360476
tri_diff_ratio_Sensed_Altitude_Sensed_T45_Sensed_T5,0.05710733147261189,0.24567326611938495,0.18266449889048153,0.24567326611938495
press_ratio_Sensed_Pt2_Sensed_P25,0.020833752618693243,0.11894698228213377,0.24496019255910095,0.24496019255910095
ratio_Sensed_Pt2_Sensed_P25,0.020833752618693243,0.11894698228213377,0.24496019255910095,0.24496019255910095
ratio_squared_Sensed_Fan_Speed_Sensed_T3,0.04940746126698197,0.24362185507613876,-0.12317775465025671,0.24362185507613876
quad_sum_ratio_Sensed_VAFN_Sensed_Core_Speed_Sensed_Ps3_Sensed_T45,0.042256748606961776,0.24361377855830854,0.2197538188584101,0.24361377855830854
tri_diff_ratio_Sensed_Mach_Sensed_Pamb_Sensed_T5,-0.043969093594453695,-0.24335233553218377,-0.19402982567937077,0.24335233553218377
ratio_inv_Sensed_Fan_Speed_Sensed_P25,-0.02301905909583836,-0.12793510031635463,-0.24301848267510473,0.24301848267510473
ratio_squared_Sensed_Altitude_Sensed_T5,0.05637267774214071,0.24301779497592874,0.17810255604361394,0.24301779497592874
ratio_squared_Sensed_T25_Sensed_T5,0.04152114255716429,0.24289414967995568,0.20895380344012496,0.24289414967995568
tri_diff_ratio_Sensed_Altitude_Sensed_T3_Sensed_T5,0.056590818936390425,0.24264699512907117,0.16983891428293496,0.24264699512907117
quad_sum_ratio_Sensed_VAFN_Sensed_Fan_Speed_Sensed_Ps3_Sensed_T45,0.046392040821928535,0.24251095473972384,0.14717158954901624,0.24251095473972384
tri_sum_prod_Sensed_Altitude_Sensed_T45_Sensed_P25,-0.022223945058476503,-0.16413377171935128,-0.24208238037143254,0.24208238037143254
tri_sum_ratio_Sensed_Altitude_Sensed_Core_Speed_Sensed_T45,0.05127868335069755,0.2414270800310244,0.22174132261459165,0.2414270800310244
tri_mean_ratio_Sensed_Altitude_Sensed_Core_Speed_Sensed_T45,0.05127868335069755,0.2414270800310244,0.22174132261459165,0.2414270800310244
quad_sum_ratio_Sensed_Pamb_Sensed_Core_Speed_Sensed_Ps3_Sensed_T45,0.040309317512345955,0.24008684337355696,0.24135040003675562,0.24135040003675562
poly_cross_Sensed_T3_Sensed_Ps3,0.012988355839024697,0.0482096158130907,0.2412897314640987,0.2412897314640987
harmonic_mean_Sensed_T3_Sensed_Ps3,0.01298835582187451,0.04820961574295836,0.2412897314519104,0.2412897314519104
log_Sensed_T5,-0.04349514446575366,-0.23901129316732245,-0.18609922211740298,0.23901129316732245
log10_Sensed_T5,-0.04349514446575375,-0.23901129316732234,-0.18609922211740293,0.23901129316732234
geometric_mean_Sensed_T45_Sensed_P25,-0.04346635871119724,-0.22740722216995268,-0.23891894338446512,0.23891894338446512
product_Sensed_VAFN_Sensed_Ps3,0.02370847749852313,0.1020041369997765,0.23880377736824518,0.23880377736824518
harmonic_mean_Sensed_Fan_Speed_Sensed_Ps3,0.018090369702371906,0.06930942660920913,0.23873835930036086,0.23873835930036086
diff_Sensed_WFuel_Sensed_Ps3,-0.017307906792362895,-0.07158958683728366,-0.23846609684476713,0.23846609684476713
tri_diff_ratio_Sensed_Altitude_Sensed_Fan_Speed_Sensed_T5,0.05588319563769364,0.23798671521135778,0.1738411407330011,0.23798671521135778
product_Sensed_Core_Speed_Sensed_Ps3,0.009383729371832992,0.046782092594386586,0.23720450419252692,0.23720450419252692
ratio_squared_Sensed_Ps3_Sensed_T45,0.034111504386351126,0.16571409661528363,0.23711488386884513,0.23711488386884513
cube_Sensed_Ps3,0.01795600159272949,0.07014028112183873,0.23683805846077574,0.23683805846077574
quad_ratio_Sensed_Pamb_Sensed_Fan_Speed_Sensed_Core_Speed_Sensed_T45,0.044634656756364716,0.23657337577020926,0.16829368373843834,0.23657337577020926
ratio_inv_Sensed_Mach_Sensed_Ps3,0.02826983974207738,0.06793112397320632,0.23617777023579598,0.23617777023579598
norm_mach_Sensed_Ps3,0.02826983974207738,0.06793112397320632,0.23617777023579598,0.23617777023579598
ratio_inv_Sensed_VAFN_Sensed_Ps3,0.01484661810648347,0.04431502315824701,0.2352716267363941,0.2352716267363941
quad_diff_ratio_Sensed_Pamb_Sensed_VAFN_Sensed_Ps3_Sensed_T45,-0.046596704190007845,-0.23436890928402787,-0.17884918436197283,0.23436890928402787
geometric_mean_Sensed_Altitude_Sensed_Ps3,0.026064450318501915,0.07008366302148138,0.2340921847055413,0.2340921847055413
sqrt_Sensed_Ps3,0.01682673069296724,0.06958688071205968,0.2332917464413433,0.2332917464413433
tri_prod_ratio_Sensed_Mach_Sensed_T3_Sensed_T5,0.017107781220137543,0.14802825507247466,0.23214191615732857,0.23214191615732857
tri_prod_ratio_Sensed_Altitude_Sensed_Core_Speed_Sensed_T45,0.04888149724359152,0.2216280383576935,0.23203546121920793,0.23203546121920793
inv_Sensed_T45,0.047452895666038136,0.23155337725071884,0.18543781714208354,0.23155337725071884
ratio_inv_Sensed_T3_Sensed_P25,0.004906716827952446,0.011101460983950947,-0.2311503548354557,0.2311503548354557
tri_prod_ratio_Sensed_Pamb_Sensed_Core_Speed_Sensed_T45,0.030203871578894006,0.2068705559519735,0.23112224726164582,0.23112224726164582
tri_weighted_Sensed_Altitude_Sensed_Core_Speed_Sensed_T45,0.05167239798543388,0.23062214879943715,0.20055093274066052,0.23062214879943715
ratio_Sensed_VAFN_Sensed_T45,0.04557389426510888,0.22983637350549616,0.14904509629746754,0.22983637350549616
tri_prod_ratio_Sensed_Pamb_Sensed_Core_Speed_Sensed_P25,0.012552292712213876,0.09194908533876525,0.2295958108647787,0.2295958108647787
ratio_squared_Sensed_Pamb_Sensed_T5,0.03974904792310953,0.22936881846478627,0.17867983044090063,0.22936881846478627
geometric_mean_Sensed_Core_Speed_Sensed_Ps3,0.007855483089992763,0.04539001929401949,0.2293671306906368,0.2293671306906368
tri_prod_ratio_Sensed_Pamb_Sensed_Fan_Speed_Sensed_P25,0.018143967005221452,0.11321938534043557,0.22923255418463875,0.22923255418463875
ratio_Sensed_Pt2_Sensed_T5,0.039474831332787494,0.2287648383247985,0.197714231810051,0.2287648383247985
reciprocal_sqrt_Sensed_T45,0.04547347637077237,0.2271621645441234,0.18341904617447308,0.2271621645441234
product_Sensed_VAFN_Sensed_P25,-0.023163394050386747,-0.1008081001455983,-0.22661868665121154,0.22661868665121154
tri_sum_prod_Sensed_Pamb_Sensed_T45_Sensed_P25,-0.038764797942190087,-0.21363919309353385,-0.226063892138372,0.226063892138372
product_Sensed_T45_Sensed_P25,-0.03874941442968858,-0.21365106348022975,-0.2259905561976789,0.2259905561976789
tri_sum_prod_Sensed_Mach_Sensed_T45_Sensed_P25,-0.03874995210989654,-0.21363918575378804,-0.22599006862093274,0.22599006862093274
tri_sum_prod_Sensed_WFuel_Sensed_T45_Sensed_P25,-0.03859301356487928,-0.21313380793976672,-0.22548489309559572,0.22548489309559572
tri_ratio_sum_Sensed_Altitude_Sensed_T45_Sensed_T5,0.053935049545334325,0.22463325767743306,0.17063889974405888,0.22463325767743306
tri_ratio_sum_Sensed_Pamb_Sensed_T45_Sensed_T5,0.03995979858220576,0.2237635636032161,0.18322111848129852,0.2237635636032161
tri_prod_ratio_Sensed_Altitude_Sensed_Pamb_Sensed_T45,0.04944694842925468,0.22348682888849625,0.1818389752481917,0.22348682888849625
tri_prod_ratio_Sensed_Mach_Sensed_Fan_Speed_Sensed_T5,0.033188645570695965,0.22343980051141427,0.183561045311906,0.22343980051141427
ratio_inv_Sensed_Pamb_Sensed_P25,-0.020231577168844352,-0.1331784014627675,-0.22329522190055978,0.22329522190055978
geometric_mean_Sensed_VAFN_Sensed_Ps3,0.020260261807550105,0.0950652208175927,0.22284995236995161,0.22284995236995161
geometric_mean_Sensed_VAFN_Sensed_P25,-0.02342766290260831,-0.09899327480443779,-0.2228126495278041,0.2228126495278041
cbrt_Sensed_Ps3,0.014981314582478021,0.06652823429287633,0.2227998043667752,0.2227998043667752
isentropic_eff_inv,-0.052276358187202394,-0.22235097051657693,0.1906559316719239,0.22235097051657693
ratio_squared_Sensed_VAFN_Sensed_T45,0.04413208211759215,0.22209604673910996,0.14148836913381624,0.22209604673910996
ratio_inv_Sensed_Core_Speed_Sensed_Ps3,0.030419240623993975,0.09975096541419208,0.22165572012021148,0.22165572012021148
tri_diff_ratio_Sensed_WFuel_Sensed_Core_Speed_Sensed_P25,-0.018298654230175716,-0.09436186752187306,-0.22162157457303522,0.22162157457303522
tri_weighted_Sensed_Fan_Speed_Sensed_Core_Speed_Sensed_P25,0.019209038442051664,0.09731973367183958,0.2213462785912964,0.2213462785912964
tri_ratio_diff_Sensed_Pamb_Sensed_WFuel_Sensed_P25,0.01346221586029499,0.1308588035779011,0.22129141794651305,0.22129141794651305
tri_sum_ratio_Sensed_Fan_Speed_Sensed_Core_Speed_Sensed_P25,0.018798035959106778,0.09585962431136325,0.22126653701681018,0.22126653701681018
tri_mean_ratio_Sensed_Fan_Speed_Sensed_Core_Speed_Sensed_P25,0.018798035959106778,0.09585962431136325,0.22126653701681018,0.22126653701681018
tri_weighted_Sensed_Pamb_Sensed_Core_Speed_Sensed_P25,0.01831608851445675,0.09414061056997414,0.22106364206873738,0.22106364206873738
tri_sum_ratio_Sensed_Pamb_Sensed_Core_Speed_Sensed_P25,0.018313755667798286,0.0941276992891428,0.22105757272066898,0.22105757272066898
tri_mean_ratio_Sensed_Pamb_Sensed_Core_Speed_Sensed_P25,0.018313755667798286,0.0941276992891428,0.22105757272066898,0.22105757272066898
tri_weighted_Sensed_Mach_Sensed_Core_Speed_Sensed_P25,0.018311871432437607,0.09411936054106493,0.2210564370050837,0.2210564370050837
tri_sum_ratio_Sensed_Mach_Sensed_Core_Speed_Sensed_P25,0.018311646209725616,0.09411706935526892,0.22105396434849792,0.22105396434849792
tri_mean_ratio_Sensed_Mach_Sensed_Core_Speed_Sensed_P25,0.018311646209725616,0.09411706935526892,0.22105396434849792,0.22105396434849792
ratio_Sensed_Core_Speed_Sensed_P25,0.01831142096849306,0.09411477804990406,0.22105149147363018,0.22105149147363018
tri_diff_ratio_Sensed_Mach_Sensed_Core_Speed_Sensed_P25,-0.018311195708739368,-0.09411248662496877,-0.2210490183804736,0.2210490183804736
tri_diff_ratio_Sensed_Pamb_Sensed_Core_Speed_Sensed_P25,-0.018309084414979165,-0.09410184684403337,-0.22104539831349596,0.22104539831349596
tri_prod_ratio_Sensed_Fan_Speed_Sensed_Core_Speed_Sensed_T3,0.03046510692052683,0.2209073903926821,-0.015831214704364858,0.2209073903926821
tri_ratio_sum_Sensed_Fan_Speed_Sensed_T3_Sensed_P25,0.04139104818380976,0.22083573142101195,-0.09968360436241747,0.22083573142101195
tri_diff_ratio_Sensed_Fan_Speed_Sensed_Core_Speed_Sensed_P25,-0.01772787412983866,-0.0920008473196772,-0.22063257409236045,0.22063257409236045
tri_sum_prod_Sensed_Altitude_Sensed_WFuel_Sensed_P25,-0.01657331867828665,-0.137271143216985,-0.2206267469024919,0.2206267469024919
tri_sum_prod_Sensed_Altitude_Sensed_Pamb_Sensed_P25,-0.01658866738344919,-0.13724846730545975,-0.22058371590549317,0.22058371590549317
interact_alt_Sensed_P25,-0.016580195634287063,-0.137230308315568,-0.22056153121386107,0.22056153121386107
product_Sensed_Altitude_Sensed_P25,-0.016580195634287063,-0.137230308315568,-0.22056153121386107,0.22056153121386107
tri_sum_prod_Sensed_Altitude_Sensed_Mach_Sensed_P25,-0.01658063106278287,-0.1372273749799214,-0.22055708753703332,0.22055708753703332
tri_sum_ratio_Sensed_WFuel_Sensed_Core_Speed_Sensed_P25,0.01832382607972584,0.09386729140330904,0.2204804275299605,0.2204804275299605
tri_mean_ratio_Sensed_WFuel_Sensed_Core_Speed_Sensed_P25,0.01832382607972584,0.09386729140330904,0.2204804275299605,0.2204804275299605
tri_diff_ratio_Sensed_WFuel_Sensed_Fan_Speed_Sensed_P25,-0.023742700794553706,-0.11578705041715733,-0.21992604077266553,0.21992604077266553
tri_weighted_Sensed_WFuel_Sensed_Core_Speed_Sensed_P25,0.01833587360690945,0.09361943339405432,0.21990844320250674,0.21990844320250674
press_sum_Sensed_Ps3_Sensed_P25,0.016717887465558745,0.06035129243489591,0.21951770122209616,0.21951770122209616
sum_Sensed_Ps3_Sensed_P25,0.016717887465558745,0.06035129243489591,0.21951770122209616,0.21951770122209616
ratio_squared_Sensed_Ps3_Sensed_T5,0.03323034229238937,0.17229666222013185,0.21931586873349745,0.21931586873349745
harmonic_mean_Sensed_TAT_Sensed_Ps3,0.012308395593030945,0.05895320735022459,0.2179674059743597,0.2179674059743597
tri_sum_prod_Sensed_Altitude_Sensed_T3_Sensed_P25,-0.01863227916039973,-0.14996912126725453,-0.21780066356617744,0.21780066356617744
tri_ratio_sum_Sensed_Pamb_Sensed_WFuel_Sensed_P25,0.013521615072005796,0.13094452448806781,0.21721368654969667,0.21721368654969667
poly_cross_Sensed_Ps3_Sensed_T45,0.012942415700854203,0.04245744961701978,0.2171554886846725,0.2171554886846725
harmonic_mean_Sensed_Ps3_Sensed_T45,0.012942415678021284,0.04245744951530224,0.21715548858000838,0.21715548858000838
tri_weighted_Sensed_WFuel_Sensed_Fan_Speed_Sensed_T3,0.040986123683707604,0.21703234893294454,-0.10656316679416314,0.21703234893294454
tri_diff_ratio_Sensed_Pamb_Sensed_Fan_Speed_Sensed_T3,-0.04086790103286123,-0.21680633018910328,0.10587717127336585,0.21680633018910328
tri_mean_ratio_Sensed_WFuel_Sensed_Fan_Speed_Sensed_T3,0.04089242535572999,0.21678894533844317,-0.1062031889354628,0.21678894533844317
tri_sum_ratio_Sensed_WFuel_Sensed_Fan_Speed_Sensed_T3,0.04089242535572999,0.21678894533844317,-0.1062031889354628,0.21678894533844317
tri_diff_ratio_Sensed_Mach_Sensed_Fan_Speed_Sensed_T3,-0.040809696497437514,-0.21657253470799415,0.10583763988727057,0.21657253470799415
ratio_Sensed_Fan_Speed_Sensed_T3,0.040798542154654095,0.2165439025964388,-0.10584303435394643,0.2165439025964388
tri_mean_ratio_Sensed_Mach_Sensed_Fan_Speed_Sensed_T3,0.04078738059656697,0.21651520241878303,-0.10584837666985644,0.21651520241878303
tri_sum_ratio_Sensed_Mach_Sensed_Fan_Speed_Sensed_T3,0.04078738059656697,0.21651520241878303,-0.10584837666985644,0.21651520241878303
tri_weighted_Sensed_Mach_Sensed_Fan_Speed_Sensed_T3,0.04077621187492168,0.21648643445261814,-0.10585366697255073,0.21648643445261814
tri_diff_ratio_Sensed_WFuel_Sensed_Fan_Speed_Sensed_T3,-0.04070447941949201,-0.21629724367577582,0.10548271937219812,0.21629724367577582
tri_mean_ratio_Sensed_Pamb_Sensed_Fan_Speed_Sensed_T3,0.0407287912933274,0.21627834540208485,-0.10580643348025645,0.21627834540208485
tri_sum_ratio_Sensed_Pamb_Sensed_Fan_Speed_Sensed_T3,0.0407287912933274,0.21627834540208485,-0.10580643348025645,0.21627834540208485
tri_weighted_Sensed_Pamb_Sensed_Fan_Speed_Sensed_T3,0.04065867569599325,0.2160098106147343,-0.10576744953343534,0.2160098106147343
tri_diff_ratio_Sensed_Pamb_Sensed_WFuel_Sensed_T5,0.03370673604712239,0.21592644525066287,0.17744838535482796,0.21592644525066287
geometric_mean_Sensed_Altitude_Sensed_P25,-0.016966077126193257,-0.1342951066921907,-0.21545153256294364,0.21545153256294364
tri_harmonic_Sensed_Altitude_Sensed_Fan_Speed_Sensed_T5,-0.04176263046341329,-0.2152930304315981,-0.15413240048271507,0.2152930304315981
tri_sum_prod_Sensed_Altitude_Sensed_Fan_Speed_Sensed_P25,-0.01767875912948329,-0.13616135606207938,-0.21491596368131538,0.21491596368131538
tri_sum_ratio_Sensed_Altitude_Sensed_Fan_Speed_Sensed_T45,0.05193281251251447,0.2144175205457842,0.16874552876285867,0.2144175205457842
tri_mean_ratio_Sensed_Altitude_Sensed_Fan_Speed_Sensed_T45,0.05193281251251447,0.2144175205457842,0.16874552876285867,0.2144175205457842
press_diff_Sensed_Pamb_Sensed_P25,0.025819701422740544,0.1343130104497238,0.2138464875063937,0.2138464875063937
diff_Sensed_Pamb_Sensed_P25,0.025819701422740544,0.1343130104497238,0.2138464875063937,0.2138464875063937
harmonic_mean_Sensed_VAFN_Sensed_T5,-0.03746646708748424,-0.21381200759461427,-0.17519937485257228,0.21381200759461427
tri_weighted_Sensed_Pamb_Sensed_Fan_Speed_Sensed_P25,0.023808652235310392,0.11260694695689238,0.21366127302258817,0.21366127302258817
tri_sum_ratio_Sensed_Pamb_Sensed_Fan_Speed_Sensed_P25,0.023786302060119655,0.11245727694981227,0.21347801761361815,0.21347801761361815
tri_mean_ratio_Sensed_Pamb_Sensed_Fan_Speed_Sensed_P25,0.023786302060119655,0.11245727694981227,0.21347801761361815,0.21347801761361815
harmonic_mean_Sensed_Fan_Speed_Sensed_T5,-0.04147122413101757,-0.21337599448358233,-0.15267729022846283,0.21337599448358233
tri_weighted_Sensed_Mach_Sensed_Fan_Speed_Sensed_P25,0.023768900153597023,0.11236229847491563,0.2133648187331587,0.2133648187331587
tri_sum_ratio_Sensed_Mach_Sensed_Fan_Speed_Sensed_P25,0.023766276495438735,0.11233414043077117,0.2133284919873718,0.2133284919873718
tri_mean_ratio_Sensed_Mach_Sensed_Fan_Speed_Sensed_P25,0.023766276495438735,0.11233414043077117,0.2133284919873718,0.2133284919873718
ratio_Sensed_Fan_Speed_Sensed_P25,0.02376364957300062,0.11230596369470441,0.21329213329535512,0.21329213329535512
tri_diff_ratio_Sensed_Mach_Sensed_Fan_Speed_Sensed_P25,-0.02376101938532681,-0.11227776826659883,-0.21325574265209846,0.21325574265209846
tri_diff_ratio_Sensed_Pamb_Sensed_Fan_Speed_Sensed_P25,-0.023740691707632558,-0.11215299222037117,-0.21310359273488855,0.21310359273488855
quad_sum_ratio_Sensed_Pamb_Sensed_VAFN_Sensed_Ps3_Sensed_T45,0.0411804646038977,0.2127737361593816,0.11253221359272263,0.2127737361593816
ratio_inv_Sensed_T45_Sensed_T5,-0.03414061005792221,-0.21267077126528133,-0.14122738215994524,0.21267077126528133
temp_increment_Sensed_T45_Sensed_T5,-0.03414060997377587,-0.21267077088164027,-0.1412273818356871,0.21267077088164027
meta_ratio_T3T45_T3T5,-0.03414053079646788,-0.21267039189720416,-0.14122668362215313,0.21267039189720416
tri_harmonic_Sensed_Fan_Speed_Sensed_Core_Speed_Sensed_T5,-0.04158855886885943,-0.21226457173156255,-0.1493077781109603,0.21226457173156255
tri_ratio_diff_Sensed_Fan_Speed_Sensed_T3_Sensed_P25,0.040183406830873805,0.2121417519114601,-0.11187700982520347,0.2121417519114601
geometric_mean_Sensed_T3_Sensed_Ps3,-0.004430062256571261,-0.028193794659496806,0.21191462328260158,0.21191462328260158
tri_prod_ratio_Sensed_Mach_Sensed_Core_Speed_Sensed_T5,0.0290895205698522,0.21183683960505012,0.1964629463362715,0.21183683960505012
power4_Sensed_Ps3,0.013735900469402576,0.06177717633406052,0.21163822454619674,0.21163822454619674
tri_prod_ratio_Sensed_Core_Speed_Sensed_T45_Sensed_T5,0.01137041899102811,0.13395030722347837,0.21160425568917246,0.21160425568917246
power4_Sensed_P25,-0.025744731233803976,-0.13439935658683372,-0.2114196280225063,0.2114196280225063
product_Sensed_T3_Sensed_Ps3,-0.004741013486355571,-0.028088472154197783,0.21091853244229755,0.21091853244229755
temp_press_product_Sensed_T3_Sensed_Ps3,-0.004741013486355571,-0.028088472154197783,0.21091853244229755,0.21091853244229755
tri_weighted_Sensed_Mach_Sensed_Pamb_Sensed_T45,0.036476370004464985,0.21035447129180795,0.1743720326961898,0.21035447129180795
ratio_squared_Sensed_Pt2_Sensed_T5,0.034859911487264264,0.21028996450779983,0.1794141677873427,0.21028996450779983
tri_weighted_Sensed_Pamb_Sensed_WFuel_Sensed_T45,0.04163003648496243,0.21025275824108702,0.17251122305799654,0.21025275824108702
exp_Sensed_P25,-0.024669421814637875,-0.1319178686231967,-0.20997624269222115,0.20997624269222115
tri_weighted_Sensed_Altitude_Sensed_Fan_Speed_Sensed_T45,0.05128234121062786,0.20986614744830212,0.16393020238828981,0.20986614744830212
cube_Sensed_P25,-0.02594540686928809,-0.1333546488226492,-0.20940930038730504,0.20940930038730504
tri_mean_ratio_Sensed_Altitude_Sensed_T3_Sensed_T45,0.051227695674290356,0.20930790874172955,0.17299096819741505,0.20930790874172955
tri_sum_ratio_Sensed_Altitude_Sensed_T3_Sensed_T45,0.051227695674290356,0.20930790874172955,0.17299096819741505,0.20930790874172955
tri_weighted_Sensed_Mach_Sensed_Pamb_Sensed_P25,0.02303564571441091,0.12817001600685052,0.2088149315938376,0.2088149315938376
tri_ratio_sum_Sensed_Mach_Sensed_P25_Sensed_T5,0.03322338461372205,0.2086147405217344,0.15366954328385318,0.2086147405217344
tri_ratio_diff_Sensed_Mach_Sensed_Pamb_Sensed_T5,0.03330335687638859,0.2085580140928108,0.152515674383917,0.2085580140928108
tri_prod_ratio_Sensed_Fan_Speed_Sensed_Core_Speed_Sensed_P25,0.011945375960075343,0.07402996248239813,0.2085496044571941,0.2085496044571941
tri_ratio_diff_Sensed_Mach_Sensed_WFuel_Sensed_T5,0.033247159350327474,0.2082048169442985,0.1521987860536779,0.2082048169442985
ratio_Sensed_Mach_Sensed_T5,0.0332287109427967,0.2081590619348176,0.1521834845696568,0.2081590619348176
tri_ratio_sum_Sensed_Mach_Sensed_WFuel_Sensed_T5,0.03321028133703894,0.20811329453731137,0.15216814327789174,0.20811329453731137
tri_harmonic_Sensed_T45_Sensed_P25_Sensed_T5,-0.02865077530907801,-0.13873037021274137,-0.20803680845707728,0.20803680845707728
tri_ratio_sum_Sensed_Mach_Sensed_Pamb_Sensed_T5,0.033152980062603164,0.20775597665856144,0.15184806580129456,0.20775597665856144
tri_ratio_diff_Sensed_Mach_Sensed_P25_Sensed_T5,0.033216597960107036,0.20763368349519407,0.15063073693599485,0.20763368349519407
product_Sensed_P25_Sensed_T5,-0.033547342323764155,-0.2073917032647766,-0.2057235214807176,0.2073917032647766
tri_sum_ratio_Sensed_Mach_Sensed_Pamb_Sensed_T45,0.03632086635791471,0.2073280668427646,0.17305668874731234,0.2073280668427646
tri_mean_ratio_Sensed_Mach_Sensed_Pamb_Sensed_T45,0.03632086635791471,0.2073280668427646,0.17305668874731234,0.2073280668427646
tri_weighted_Sensed_Altitude_Sensed_T3_Sensed_T45,0.05092179261985859,0.20724629686507112,0.16601837037703032,0.20724629686507112
tri_mean_ratio_Sensed_WFuel_Sensed_Fan_Speed_Sensed_P25,0.023728405731609344,0.10875724567721248,0.20653102997555398,0.20653102997555398
tri_sum_ratio_Sensed_WFuel_Sensed_Fan_Speed_Sensed_P25,0.023728405731609344,0.10875724567721248,0.20653102997555398,0.20653102997555398
square_Sensed_P25,-0.02622237281549341,-0.131732420330209,-0.20644610996257318,0.20644610996257318
tri_harmonic_Sensed_Altitude_Sensed_P25_Sensed_T5,-0.02801673633869097,-0.13592180830304124,-0.20634204141334675,0.20634204141334675
log_Sensed_T45,-0.03882397050985365,-0.2063243940781294,-0.16863810573079402,0.2063243940781294
log10_Sensed_T45,-0.038823970509853575,-0.20632439407812936,-0.1686381057307943,0.20632439407812936
harmonic_mean_Sensed_P25_Sensed_T5,-0.028020635414650663,-0.13587726373277534,-0.20626623367682184,0.20626623367682184
poly_cross_Sensed_P25_Sensed_T5,-0.028020635360386632,-0.1358772634658459,-0.20626623349406495,0.20626623349406495
tri_prod_ratio_Sensed_Mach_Sensed_T3_Sensed_T45,0.008420599413410943,0.09513375902995186,0.20625218496084285,0.20625218496084285
tri_harmonic_Sensed_Core_Speed_Sensed_P25_Sensed_T5,-0.02802754020205934,-0.13587050530950717,-0.206145070792788,0.206145070792788
tri_ratio_diff_Sensed_Altitude_Sensed_Pamb_Sensed_T45,0.05060195781890386,0.20530007550593302,0.15908075644255532,0.20530007550593302
tri_ratio_diff_Sensed_Altitude_Sensed_T45_Sensed_P25,0.05058107125158814,0.20520917189261073,0.15806698129140392,0.20520917189261073
ratio_squared_Sensed_Core_Speed_Sensed_T3,0.03845947831927493,0.20516375988554553,-0.06416048242375794,0.20516375988554553
tri_ratio_diff_Sensed_Altitude_Sensed_WFuel_Sensed_T45,0.0506089935297452,0.20511496523108272,0.15889170009375703,0.20511496523108272
tri_mean_ratio_Sensed_Altitude_Sensed_Pamb_Sensed_T45,0.050590691877366825,0.2050883837077735,0.15889127394133865,0.2050883837077735
tri_sum_ratio_Sensed_Altitude_Sensed_Pamb_Sensed_T45,0.050590691877366825,0.2050883837077735,0.15889127394133865,0.2050883837077735
tri_weighted_Sensed_Altitude_Sensed_Pamb_Sensed_T45,0.0505898156671193,0.20507546843801183,0.15887904457831814,0.20507546843801183
tri_ratio_diff_Sensed_Altitude_Sensed_Mach_Sensed_T45,0.05058605285648918,0.20507473671326684,0.15887451252138163,0.20507473671326684
tri_sum_ratio_Sensed_Altitude_Sensed_WFuel_Sensed_T45,0.05059452070125821,0.20507433367909622,0.15887321745775823,0.20507433367909622
tri_mean_ratio_Sensed_Altitude_Sensed_WFuel_Sensed_T45,0.05059452070125821,0.20507433367909622,0.15887321745775823,0.20507433367909622
tri_weighted_Sensed_Altitude_Sensed_WFuel_Sensed_T45,0.05059172968981784,0.20506844104884026,0.1588700143092561,0.20506844104884026
tri_mean_ratio_Sensed_Altitude_Sensed_Mach_Sensed_T45,0.05058868760702146,0.20506390104112154,0.1588677766878285,0.20506390104112154
tri_sum_ratio_Sensed_Altitude_Sensed_Mach_Sensed_T45,0.05058868760702146,0.20506390104112154,0.1588677766878285,0.20506390104112154
tri_weighted_Sensed_Altitude_Sensed_Mach_Sensed_T45,0.050588813014213065,0.20506322408970667,0.15886729339435945,0.20506322408970667
ratio_Sensed_Altitude_Sensed_T45,0.05058893841512925,0.20506254708478527,0.15886681006041234,0.20506254708478527
tri_diff_ratio_Sensed_Altitude_Sensed_Mach_Sensed_T45,0.05058918919813322,0.20506119291441177,0.15886584327107514,0.20506119291441177
tri_diff_ratio_Sensed_Altitude_Sensed_WFuel_Sensed_T45,0.05058335507646866,0.20505075515671178,0.15886039826270082,0.20505075515671178
tri_ratio_sum_Sensed_Altitude_Sensed_Mach_Sensed_T45,0.050591816795714284,0.2050503361523914,0.15885909029781436,0.2050503361523914
tri_diff_ratio_Sensed_Altitude_Sensed_Pamb_Sensed_T45,0.05058718078382572,0.2050366861191502,0.15884232555306843,0.2050366861191502
tri_ratio_sum_Sensed_Altitude_Sensed_WFuel_Sensed_T45,0.05056894941637983,0.20501024220233957,0.15884197293634697,0.20501024220233957
tri_harmonic_Sensed_Fan_Speed_Sensed_P25_Sensed_T5,-0.027976990478693134,-0.13535725832581946,-0.2049144624224678,0.2049144624224678
diff_Sensed_Mach_Sensed_P25,0.026706571326591905,0.13126093995962373,0.2049055828237943,0.2049055828237943
tri_ratio_sum_Sensed_Altitude_Sensed_T45_Sensed_P25,0.05058583344013689,0.20488194683954827,0.15962743284332254,0.20488194683954827
tri_ratio_sum_Sensed_Altitude_Sensed_Pamb_Sensed_T45,0.05057520948659284,0.20482319712580405,0.15865142796430914,0.20482319712580405
ratio_Sensed_TAT_Sensed_T25,0.03778489561655106,0.20372076743780518,0.1871268910135966,0.20372076743780518
tri_harmonic_Sensed_Altitude_Sensed_T45_Sensed_P25,-0.02723744086862926,-0.1320135544276821,-0.2036535788236517,0.2036535788236517
harmonic_mean_Sensed_T45_Sensed_P25,-0.027241628597783143,-0.13197024155747264,-0.20357861820800194,0.20357861820800194
poly_cross_Sensed_T45_Sensed_P25,-0.02724162857302334,-0.13197024144031033,-0.2035786181301782,0.2035786181301782
tri_harmonic_Sensed_T3_Sensed_P25_Sensed_T5,-0.028477159139567082,-0.13762200679195363,-0.2034829349399714,0.2034829349399714
tri_harmonic_Sensed_Core_Speed_Sensed_T45_Sensed_P25,-0.02724886207571247,-0.13196500687162133,-0.20345884940605455,0.20345884940605455
tri_harmonic_Sensed_Fan_Speed_Sensed_T45_Sensed_T5,-0.037936460722905394,-0.20325235370229344,-0.15295626012938968,0.20325235370229344
tri_ratio_sum_Sensed_Pamb_Sensed_T45_Sensed_P25,0.03600148791189244,0.20321468821489908,0.17199644237191652,0.20321468821489908
press_product_Sensed_Pamb_Sensed_Ps3,0.01025762474372386,0.05623380531676091,0.20321397514685646,0.20321397514685646
product_Sensed_Pamb_Sensed_Ps3,0.01025762474372386,0.05623380531676091,0.20321397514685646,0.20321397514685646
ratio_squared_Sensed_Altitude_Sensed_T45,0.05062052510912441,0.203008911751005,0.15573354251120197,0.203008911751005
tri_ratio_diff_Sensed_Pamb_Sensed_WFuel_Sensed_T45,0.03592725491594535,0.20258256286591342,0.17046231887054103,0.20258256286591342
ratio_Sensed_Pamb_Sensed_T45,0.0359096004947177,0.2025370966315076,0.1704409112798299,0.2025370966315076
tri_ratio_sum_Sensed_Pamb_Sensed_WFuel_Sensed_T45,0.035892006346058644,0.20249172896081616,0.17041955023929983,0.20249172896081616
tri_sum_prod_Sensed_Mach_Sensed_P25_Sensed_T5,-0.032454400269042824,-0.20226531598052694,-0.20023903870904597,0.20226531598052694
tri_harmonic_Sensed_Fan_Speed_Sensed_T45_Sensed_P25,-0.027203215799595584,-0.13147546872161053,-0.20224958277054114,0.20224958277054114
harmonic_mean_Sensed_VAFN_Sensed_P25,-0.026589434174940026,-0.12888833360364726,-0.20186965317286848,0.20186965317286848
tri_ratio_diff_Sensed_Pamb_Sensed_T45_Sensed_P25,0.035809764843491486,0.20182692511205844,0.16885219922359307,0.20182692511205844
harmonic_mean_Sensed_Altitude_Sensed_P25,-0.02658927259312311,-0.12906378769103938,-0.20178283696243504,0.20178283696243504
sum_Sensed_VBV_Sensed_P25,-0.02659350411785304,-0.12902605712853665,-0.20170846672709986,0.20170846672709986
diff_Sensed_VBV_Sensed_P25,0.02659384606959355,0.12901594873934702,0.2017071078956541,0.2017071078956541
tri_harmonic_Sensed_Altitude_Sensed_Core_Speed_Sensed_P25,-0.02659687694681879,-0.12905982698910223,-0.201663878330009,0.201663878330009
tri_sum_ratio_Sensed_Pamb_Sensed_WFuel_Sensed_T45,0.04399070055461412,0.20161897917241525,0.16129146950769005,0.20161897917241525
tri_mean_ratio_Sensed_Pamb_Sensed_WFuel_Sensed_T45,0.04399070055461412,0.20161897917241525,0.16129146950769005,0.20161897917241525
harmonic_mean_Sensed_Core_Speed_Sensed_P25,-0.026601278774417186,-0.1290170627706606,-0.20158889834305116,0.20158889834305116
tri_prod_ratio_Sensed_Mach_Sensed_Pamb_Sensed_T5,0.02797960708288082,0.2013407238801049,0.1531379980918793,0.2013407238801049
tri_harmonic_Sensed_T3_Sensed_T45_Sensed_P25,-0.027707700593747275,-0.1337581378398913,-0.2008360220822708,0.2008360220822708
ratio_squared_Sensed_Mach_Sensed_T5,0.031023806596229473,0.2008330851436538,0.14479683866499593,0.2008330851436538
tri_harmonic_Sensed_Altitude_Sensed_Fan_Speed_Sensed_P25,-0.02655599463145225,-0.12859008821542123,-0.20047145057135923,0.20047145057135923
harmonic_mean_Sensed_Fan_Speed_Sensed_P25,-0.026560432680582308,-0.12854787955221691,-0.2003975368594724,0.2003975368594724
harmonic_mean_Sensed_T25_Sensed_P25,-0.027322170948808504,-0.13064978089052187,-0.20032908559962725,0.20032908559962725
tri_diff_ratio_Sensed_Altitude_Sensed_T3_Sensed_T45,0.049839831188700376,0.20032169959996765,0.14404356555860306,0.20032169959996765
tri_harmonic_Sensed_Fan_Speed_Sensed_Core_Speed_Sensed_P25,-0.026567873839872445,-0.1285434814177242,-0.2002785844586184,0.2002785844586184
tri_weighted_Sensed_Pamb_Sensed_P25_Sensed_T5,0.038355083372974746,0.20024976538331124,0.1084322311398983,0.20024976538331124
harmonic_mean_Sensed_T25_Sensed_Ps3,0.00840151546912167,0.038186829200008376,0.1999888148565745,0.1999888148565745
product_Sensed_TAT_Sensed_Ps3,0.009468873901273465,0.05023325371602045,0.19974716660005049,0.19974716660005049
tri_weighted_Sensed_WFuel_Sensed_Fan_Speed_Sensed_P25,0.02364636639584488,0.10519027475567608,0.19973654190974155,0.19973654190974155
tri_sum_prod_Sensed_Fan_Speed_Sensed_T45_Sensed_P25,-0.03462089188823868,-0.18062944135108033,-0.1996773831904672,0.1996773831904672
diff_Sensed_T25_Sensed_T3,0.039613625054590144,0.16981228203115278,-0.19942005046838576,0.19942005046838576
temp_diff_Sensed_T25_Sensed_T3,0.039613625054590144,0.16981228203115278,-0.19942005046838576,0.19942005046838576
tri_mean_ratio_Sensed_Mach_Sensed_Pamb_Sensed_P25,0.022340508397163512,0.12129623866152565,0.19929153818037934,0.19929153818037934
tri_sum_ratio_Sensed_Mach_Sensed_Pamb_Sensed_P25,0.022340508397163512,0.12129623866152565,0.19929153818037934,0.19929153818037934
tri_harmonic_Sensed_Altitude_Sensed_T3_Sensed_P25,-0.02706672797423732,-0.1308975091688796,-0.19906826636630096,0.19906826636630096
poly_cross_Sensed_T3_Sensed_P25,-0.027070986356141025,-0.13085444178143413,-0.19899453628799837,0.19899453628799837
harmonic_mean_Sensed_T3_Sensed_P25,-0.027070986373688318,-0.13085444185606357,-0.19899453619216387,0.19899453619216387
tri_harmonic_Sensed_Core_Speed_Sensed_T3_Sensed_P25,-0.027078161453877696,-0.1308488586927649,-0.19887502391754525,0.19887502391754525
sum_Sensed_Mach_Sensed_P25,-0.026470813503419073,-0.12679027578976268,-0.1985140486601512,0.1985140486601512
ratio_inv_Sensed_TAT_Sensed_P25,-0.014733793472546435,-0.10102162439187222,-0.19843270970806806,0.19843270970806806
sqrt_Sensed_P25,-0.026805230837764434,-0.1269225064076157,-0.19814032492652067,0.19814032492652067
ratio_Sensed_T25_Sensed_T45,0.04165156469933566,0.19808779536117543,0.1931993637205786,0.19808779536117543
temp_ratio_Sensed_T25_Sensed_T45,0.04165156469933566,0.19808779536117543,0.1931993637205786,0.19808779536117543
harmonic_mean_Sensed_VAFN_Sensed_T45,-0.03786065908265739,-0.1979822889636586,-0.17701817057496216,0.1979822889636586
product_Sensed_Fan_Speed_Sensed_Ps3,0.011804114528933249,0.04928255751917908,0.19784215045901005,0.19784215045901005
geometric_mean_Sensed_Pamb_Sensed_Ps3,0.008900047643970998,0.055095856667403985,0.1977349936215052,0.1977349936215052
tri_harmonic_Sensed_Fan_Speed_Sensed_T3_Sensed_P25,-0.027032030243816674,-0.13035946615805225,-0.19767914584002313,0.19767914584002313
ratio_squared_Sensed_Core_Speed_Sensed_T45,0.029974009808549407,0.18715199788027104,0.19763389137264756,0.19763389137264756
ratio_squared_Sensed_T25_Sensed_T3,0.01885671615295571,0.0700205000663987,-0.19710207298692448,0.19710207298692448
cbrt_Sensed_P25,-0.026875499031132042,-0.12605629237832733,-0.19668394065519615,0.19668394065519615
harmonic_mean_Sensed_TAT_Sensed_P25,-0.026736116061076023,-0.12745189494053674,-0.1966689647377069,0.1966689647377069
quad_diff_ratio_Sensed_VAFN_Sensed_Fan_Speed_Sensed_Ps3_Sensed_T45,0.03957871352689128,0.19568713437443025,0.12304004886963929,0.19568713437443025
tri_prod_ratio_Sensed_Mach_Sensed_Core_Speed_Sensed_P25,0.005684484573159909,0.08707250740112302,0.1956280421938206,0.1956280421938206
tri_diff_ratio_Sensed_Mach_Sensed_Pamb_Sensed_T45,-0.035143113041828544,-0.19540558861140803,-0.16604859829348106,0.19540558861140803
interact_alt_squared_Sensed_Ps3,0.0314610563982346,0.0587011313683478,0.19539911108599903,0.19539911108599903
ratio_inv_Sensed_TAT_Sensed_Ps3,0.024599651871344486,0.0708843819016797,0.19484915635101419,0.19484915635101419
tri_weighted_Sensed_Fan_Speed_Sensed_Core_Speed_Sensed_T3,0.03384357026113845,0.19468239117306047,-0.06388758074133452,0.19468239117306047
tri_diff_ratio_Sensed_Altitude_Sensed_Fan_Speed_Sensed_T45,0.049061325131385496,0.19463890606546436,0.14794208193909877,0.19463890606546436
tri_ratio_sum_Sensed_Pamb_Sensed_T3_Sensed_T5,0.03524350424049649,0.19443464548950817,0.073043274797313,0.19443464548950817
geometric_mean_Sensed_TAT_Sensed_Ps3,0.0077739691443658426,0.04861243428696066,0.1937319845703374,0.1937319845703374
tri_prod_ratio_Sensed_Mach_Sensed_Pamb_Sensed_P25,0.00955292669116884,0.1230786990912317,0.19370483859898935,0.19370483859898935
log10_Sensed_P25,-0.027007682172207934,-0.12399853741753564,-0.1932518364119353,0.1932518364119353
log_Sensed_P25,-0.027007682172207916,-0.12399853741753555,-0.1932518364119352,0.1932518364119352
norm_altitude_Sensed_Ps3,0.007551725239354375,0.05671571262917858,0.19262473097024665,0.19262473097024665
ratio_inv_Sensed_Altitude_Sensed_Ps3,0.007551725239354375,0.05671571262917858,0.19262473097024665,0.19262473097024665
tri_ratio_diff_Sensed_Mach_Sensed_WFuel_Sensed_P25,0.0058378497635596495,0.12798374780857313,0.1924518746233882,0.1924518746233882
cbrt_Sensed_T5,-0.03139259954760693,-0.19225438655424226,-0.15205659675372543,0.19225438655424226
tri_mean_ratio_Sensed_Fan_Speed_Sensed_Core_Speed_Sensed_T3,0.03301551387543189,0.19135685511006031,-0.060040439785374516,0.19135685511006031
tri_sum_ratio_Sensed_Fan_Speed_Sensed_Core_Speed_Sensed_T3,0.03301551387543189,0.19135685511006031,-0.060040439785374516,0.19135685511006031
ratio_inv_Sensed_T3_Sensed_Ps3,0.04861634300875145,0.19096090114120512,0.1675349151469192,0.19096090114120512
ratio_squared_Sensed_Pamb_Sensed_T45,0.03272514327062834,0.1905064369720127,0.15823164110559435,0.1905064369720127
geometric_mean_Sensed_Fan_Speed_Sensed_Ps3,0.009883715508634282,0.04744168358901897,0.1904896072229945,0.1904896072229945
tri_ratio_sum_Sensed_Core_Speed_Sensed_T3_Sensed_P25,0.03230895675103892,0.19024971408798913,-0.048586684929031274,0.19024971408798913
tri_prod_ratio_Sensed_Altitude_Sensed_Mach_Sensed_T5,0.03596207974553157,0.18908058980747405,0.1345811518124305,0.18908058980747405
tri_ratio_sum_Sensed_Mach_Sensed_WFuel_Sensed_P25,0.0060366794253241315,0.12793974436893657,0.1888302801729112,0.1888302801729112
tri_ratio_sum_Sensed_Mach_Sensed_T45_Sensed_T5,0.02943522675794097,0.1882894428171392,0.14078822955822387,0.1882894428171392
poly_cross_Sensed_Ps3_Sensed_T5,0.005949432157457347,0.008401537933462998,0.188087585512967,0.188087585512967
harmonic_mean_Sensed_Ps3_Sensed_T5,0.005949432117109637,0.008401537748094219,0.18808758533349734,0.18808758533349734
log10_Sensed_Ps3,0.009522662407201753,0.05639566774662895,0.18789837875846538,0.18789837875846538
log_Sensed_Ps3,0.009522662407201857,0.05639566774662902,0.18789837875846532,0.18789837875846532
tri_weighted_Sensed_Core_Speed_Sensed_T3_Sensed_P25,0.01787420947382345,0.07615605701066917,0.1877495056727531,0.1877495056727531
ratio_Sensed_Pamb_Sensed_P25,0.021430063139030873,0.11310461387966997,0.18768791626822728,0.18768791626822728
press_ratio_Sensed_Pamb_Sensed_P25,0.021430063139030873,0.11310461387966997,0.18768791626822728,0.18768791626822728
tri_prod_ratio_Sensed_Mach_Sensed_Fan_Speed_Sensed_T45,0.025836111121705904,0.18745900513439862,0.16551186710396737,0.18745900513439862
tri_weighted_Sensed_WFuel_Sensed_Core_Speed_Sensed_T3,0.03202997756296975,0.18729555619963353,-0.055577146488839324,0.18729555619963353
tri_diff_ratio_Sensed_Pamb_Sensed_Core_Speed_Sensed_T3,-0.03201995469273117,-0.18728097536004612,0.055511816972962535,0.18728097536004612
tri_sum_ratio_Sensed_WFuel_Sensed_Core_Speed_Sensed_T3,0.03202258644433956,0.18727574262440605,-0.05555144069189864,0.18727574262440605
tri_mean_ratio_Sensed_WFuel_Sensed_Core_Speed_Sensed_T3,0.03202258644433956,0.18727574262440605,-0.05555144069189864,0.18727574262440605
tri_diff_ratio_Sensed_Mach_Sensed_Core_Speed_Sensed_T3,-0.03201583159469006,-0.1872574440669666,0.05552328034923224,0.1872574440669666
ratio_Sensed_Core_Speed_Sensed_T3,0.03201519480625425,0.18725592024597365,-0.055525737166643,0.18725592024597365
tri_sum_ratio_Sensed_Mach_Sensed_Core_Speed_Sensed_T3,0.03201455797403465,0.18725439597928584,-0.055528193601298494,0.18725439597928584
tri_mean_ratio_Sensed_Mach_Sensed_Core_Speed_Sensed_T3,0.03201455797403465,0.18725439597928584,-0.055528193601298494,0.18725439597928584
tri_weighted_Sensed_Mach_Sensed_Core_Speed_Sensed_T3,0.032013921098055356,0.18725287126704965,-0.055530649653248026,0.18725287126704965
tri_diff_ratio_Sensed_WFuel_Sensed_Core_Speed_Sensed_T3,-0.032007802651389576,-0.1872360890769863,0.05550003591936415,0.1872360890769863
tri_sum_ratio_Sensed_Pamb_Sensed_Core_Speed_Sensed_T3,0.032010435930918645,0.1872308682347275,-0.05553963673155972,0.1872308682347275
tri_mean_ratio_Sensed_Pamb_Sensed_Core_Speed_Sensed_T3,0.032010435930918645,0.1872308682347275,-0.05553963673155972,0.1872308682347275
press_sum_Sensed_Pamb_Sensed_P25,-0.026811800975755678,-0.12196576811078039,-0.18721134801395584,0.18721134801395584
sum_Sensed_Pamb_Sensed_P25,-0.026811800975755678,-0.12196576811078039,-0.18721134801395584,0.18721134801395584
tri_weighted_Sensed_Pamb_Sensed_Core_Speed_Sensed_T3,0.03200567807262067,0.1872058193640624,-0.055553515703950826,0.1872058193640624
reciprocal_sqrt_Sensed_P25,0.027151887521577503,0.1198533024183299,0.1864209787536822,0.1864209787536822
ratio_Sensed_Pt2_Sensed_T45,0.031465253253842786,0.18615736951259004,0.17562835186577883,0.18615736951259004
tri_mean_ratio_Sensed_Pamb_Sensed_P25_Sensed_T5,0.03626514712882163,0.18584492979465292,0.08759795118382419,0.18584492979465292
tri_sum_ratio_Sensed_Pamb_Sensed_P25_Sensed_T5,0.03626514712882163,0.18584492979465292,0.08759795118382419,0.18584492979465292
tri_ratio_sum_Sensed_Altitude_Sensed_T3_Sensed_T5,0.0475133030821233,0.18553183936799894,0.05534998550299693,0.18553183936799894
ratio_inv_Sensed_Mach_Sensed_P25,-0.012682707265528165,-0.12569226389308036,-0.18427985343101796,0.18427985343101796
norm_mach_Sensed_P25,-0.012682707265528165,-0.12569226389308036,-0.18427985343101796,0.18427985343101796
tri_ratio_diff_Sensed_Core_Speed_Sensed_T3_Sensed_P25,0.03169866793152709,0.18413057505787583,-0.06241562808203088,0.18413057505787583
tri_diff_ratio_Sensed_Fan_Speed_Sensed_Core_Speed_Sensed_T3,-0.030793940908602165,-0.1821424345852979,0.05018355474337627,0.1821424345852979
press_product_Sensed_Pt2_Sensed_Ps3,0.006051771907540042,0.03839234836691052,0.1816495315696987,0.1816495315696987
product_Sensed_Pt2_Sensed_Ps3,0.006051771907540042,0.03839234836691052,0.1816495315696987,0.1816495315696987
tri_sum_prod_Sensed_T3_Sensed_T45_Sensed_P25,-0.030638176318216317,-0.18012614869088295,-0.1542124250169781,0.18012614869088295
ratio_Sensed_TAT_Sensed_P25,0.016617913217093612,0.09145940889644649,0.1797700366989748,0.1797700366989748
tri_sum_ratio_Sensed_Altitude_Sensed_Core_Speed_Sensed_P25,0.024582997747463316,0.09415935485443572,0.17918444336732658,0.17918444336732658
tri_mean_ratio_Sensed_Altitude_Sensed_Core_Speed_Sensed_P25,0.024582997747463316,0.09415935485443572,0.17918444336732658,0.17918444336732658
tri_prod_ratio_Sensed_Mach_Sensed_Fan_Speed_Sensed_P25,0.009408716454627868,0.09883470040009268,0.17793633873070183,0.17793633873070183
tri_ratio_sum_Sensed_Pamb_Sensed_T3_Sensed_T45,0.03221964375022446,0.17759099051463897,0.08246456912987471,0.17759099051463897
geometric_mean_Sensed_Pt2_Sensed_Ps3,0.004941867120714711,0.037895494678713615,0.17753968693860372,0.17753968693860372
cbrt_Sensed_T45,-0.030632781790935235,-0.17743761906839073,-0.14685893876733397,0.17743761906839073
tri_weighted_Sensed_Core_Speed_Sensed_T45_Sensed_P25,0.016602087382324524,0.07010064391389731,0.17712003690637587,0.17712003690637587
inv_Sensed_P25,0.027150258712966308,0.11395984808008289,0.1768264144129865,0.1768264144129865
quad_ratio_Sensed_Pamb_Sensed_VAFN_Sensed_Core_Speed_Sensed_T45,0.03436998931708729,0.17547648761355625,0.08247802495983195,0.17547648761355625
tri_sum_prod_Sensed_Altitude_Sensed_Core_Speed_Sensed_P25,-0.02540611434600905,-0.13715931878192764,-0.1747202388268422,0.1747202388268422
ratio_squared_Sensed_Pt2_Sensed_T45,0.02828001383870864,0.1746610956974112,0.163023271657523,0.1746610956974112
tri_diff_ratio_Sensed_Mach_Sensed_Pamb_Sensed_P25,-0.02030365929612708,-0.10366618219425519,-0.17407819400846786,0.17407819400846786
ratio_squared_Sensed_Core_Speed_Sensed_P25,0.018030776283289186,0.07453848584797344,0.1739034529976184,0.1739034529976184
tri_ratio_sum_Sensed_Mach_Sensed_T45_Sensed_P25,0.026341535637658446,0.17308120644535574,0.13253528583815705,0.17308120644535574
tri_ratio_diff_Sensed_Mach_Sensed_Pamb_Sensed_T45,0.026400710682423008,0.17303003028313818,0.13179093019965574,0.17303003028313818
tri_ratio_diff_Sensed_Mach_Sensed_WFuel_Sensed_T45,0.026366147758140487,0.17280928014844255,0.13157608262940956,0.17280928014844255
ratio_Sensed_Mach_Sensed_T45,0.026353540899700618,0.1727827204569527,0.13156858802373314,0.1727827204569527
tri_ratio_sum_Sensed_Mach_Sensed_WFuel_Sensed_T45,0.02634097639358378,0.17275621246769862,0.1315611045271287,0.17275621246769862
tri_ratio_sum_Sensed_Mach_Sensed_Pamb_Sensed_T45,0.02630611291123319,0.17253446296190428,0.13134553896752726,0.17253446296190428
tri_ratio_diff_Sensed_Mach_Sensed_T45_Sensed_P25,0.026361238867551005,0.17246550726466722,0.13058069496103475,0.17246550726466722
ratio_squared_Sensed_Pt2_Sensed_P25,0.01950914982789956,0.08358918239864277,0.17231301594561155,0.17231301594561155
ratio_squared_Sensed_Fan_Speed_Sensed_P25,0.022896619807863734,0.09076291382510779,0.17218095293753566,0.17218095293753566
tri_prod_ratio_Sensed_Mach_Sensed_Core_Speed_Sensed_T45,0.020128170097080914,0.16754971512099331,0.17208092782911139,0.17208092782911139
tri_ratio_sum_Sensed_Altitude_Sensed_T3_Sensed_T45,0.04577307859353584,0.17194016165670953,0.06489694019549593,0.17194016165670953
tri_harmonic_Sensed_Altitude_Sensed_Core_Speed_Sensed_T45,-0.028876828864602678,-0.1712407894358199,-0.13846125981649943,0.1712407894358199
ratio_squared_Sensed_Mach_Sensed_T45,0.025019843238688097,0.16931684908378475,0.12755192132103627,0.16931684908378475
tri_prod_ratio_Sensed_Altitude_Sensed_Pamb_Sensed_P25,0.028598826410347784,0.10410493286722157,0.16858778334619637,0.16858778334619637
quad_sum_ratio_Sensed_Pamb_Sensed_VAFN_Sensed_Fan_Speed_Sensed_T45,0.033435823174954325,0.16835163864145147,0.07739927150558062,0.16835163864145147
tri_weighted_Sensed_WFuel_Sensed_P25_Sensed_T5,0.03646926612042024,0.16819294095745796,0.057418534338112046,0.16819294095745796
interact_alt_squared_Sensed_P25,-0.004543192265724142,-0.10230219391097468,-0.16798327221852577,0.16798327221852577
tri_prod_ratio_Sensed_Altitude_Sensed_Core_Speed_Sensed_P25,0.020695706741794034,0.07192098521341554,0.16788218615231137,0.16788218615231137
tri_prod_ratio_Sensed_Fan_Speed_Sensed_P25_Sensed_T5,0.03126506763299721,0.16734602917750196,0.07926627432989483,0.16734602917750196
tri_sum_prod_Sensed_Pamb_Sensed_P25_Sensed_T5,-0.0244628009214913,-0.16717448903150536,-0.16104387362603345,0.16717448903150536
tri_weighted_Sensed_Mach_Sensed_P25_Sensed_T5,0.033076786422062826,0.16646118153261685,0.06200976359418743,0.16646118153261685
tri_harmonic_Sensed_Altitude_Sensed_Core_Speed_Sensed_T5,-0.024953256153354045,-0.16621394404131445,-0.13130582634145527,0.16621394404131445
tri_mean_ratio_Sensed_WFuel_Sensed_P25_Sensed_T5,0.03476319055394468,0.1660629040820833,0.05710107798969527,0.1660629040820833
tri_sum_ratio_Sensed_WFuel_Sensed_P25_Sensed_T5,0.03476319055394468,0.1660629040820833,0.05710107798969527,0.1660629040820833
tri_prod_ratio_Sensed_Altitude_Sensed_P25_Sensed_T5,0.041433387795750815,0.165266946361734,0.05126204322176467,0.165266946361734
ratio_Sensed_Mach_Sensed_P25,0.014373478042479421,0.1124753525785691,0.16513080170581684,0.16513080170581684
tri_prod_ratio_Sensed_Mach_Sensed_Pamb_Sensed_T45,0.02060107894809874,0.16491924626469612,0.13216062248873717,0.16491924626469612
tri_mean_ratio_Sensed_Mach_Sensed_P25_Sensed_T5,0.03294468292878386,0.1646592654418294,0.059265060828403056,0.1646592654418294
tri_sum_ratio_Sensed_Mach_Sensed_P25_Sensed_T5,0.03294468292878386,0.1646592654418294,0.059265060828403056,0.1646592654418294
ratio_inv_Sensed_Ps3_Sensed_P25,-0.005271316741638867,-0.0706284334068738,-0.16386860585910357,0.16386860585910357
geometric_mean_Sensed_Altitude_Sensed_T5,-0.020410735243933185,-0.1638549790178626,-0.13409637861922086,0.1638549790178626
sum_Sensed_Pt2_Sensed_P25,-0.02582806958481154,-0.11417944483213821,-0.16340764312711764,0.16340764312711764
press_sum_Sensed_Pt2_Sensed_P25,-0.02582806958481154,-0.11417944483213821,-0.16340764312711764,0.16340764312711764
sqrt_Sensed_T5,-0.024217530854641803,-0.163057385730982,-0.1304332222067921,0.163057385730982
ratio_Sensed_P25_Sensed_T5,0.03279922718294913,0.16273492675914455,0.05637404984531506,0.16273492675914455
tri_weighted_Sensed_Altitude_Sensed_Core_Speed_Sensed_P25,0.025802799976397763,0.09175787820044883,0.16223801612226024,0.16223801612226024
tri_prod_ratio_Sensed_Pamb_Sensed_Fan_Speed_Sensed_T3,0.021821346581461017,0.16219178759891992,-0.06941089814205154,0.16219178759891992
tri_harmonic_Sensed_Fan_Speed_Sensed_T3_Sensed_T5,-0.028018437778706478,-0.1619237197007966,-0.06467332671936012,0.1619237197007966
tri_prod_ratio_Sensed_Core_Speed_Sensed_P25_Sensed_T5,0.027589770190439313,0.16122623534347752,0.10040337483476787,0.16122623534347752
sum_Sensed_TAT_Sensed_Ps3,0.00408520989239906,0.0352665567802138,0.16117352556612918,0.16117352556612918
tri_diff_ratio_Sensed_Mach_Sensed_P25_Sensed_T5,-0.03263899268384011,-0.16067768994306503,-0.05332681711673265,0.16067768994306503
tri_mean_ratio_Sensed_Core_Speed_Sensed_T3_Sensed_P25,0.01712985260681726,0.061922789938487446,0.16020037904467346,0.16020037904467346
tri_sum_ratio_Sensed_Core_Speed_Sensed_T3_Sensed_P25,0.01712985260681726,0.061922789938487446,0.16020037904467346,0.16020037904467346
product_Sensed_Ps3_Sensed_T5,-0.029703786734806902,-0.15882977669218207,0.005064872112786405,0.15882977669218207
sqrt_Sensed_T45,-0.02556546848005296,-0.15857903487974606,-0.13236323429507074,0.15857903487974606
tri_diff_ratio_Sensed_WFuel_Sensed_P25_Sensed_T5,-0.03062018012474997,-0.15828491451167093,-0.05525468765125309,0.15828491451167093
geometric_mean_Sensed_Pt2_Sensed_T5,-0.02652908113530095,-0.15807227103229823,-0.11227602796829404,0.15807227103229823
tri_diff_ratio_Sensed_Pamb_Sensed_WFuel_Sensed_T45,0.0211542775884668,0.1575443546422195,0.13946566053781817,0.1575443546422195
geometric_mean_Sensed_Ps3_Sensed_T5,-0.02937138397873689,-0.15689114003926222,0.005344848435959887,0.15689114003926222
tri_ratio_sum_Sensed_Mach_Sensed_T3_Sensed_T5,0.023904225364232368,0.1568879543964323,0.045326526093478176,0.1568879543964323
tri_harmonic_Sensed_Altitude_Sensed_Fan_Speed_Sensed_T45,-0.03234135719522187,-0.15649008055516195,-0.10711524151018449,0.15649008055516195
poly_cross_Sensed_Ps3_Sensed_P25,-0.022506215260551722,-0.10921378642609769,-0.156195697272642,0.156195697272642
harmonic_mean_Sensed_Ps3_Sensed_P25,-0.02250621512852244,-0.10921378574667136,-0.15619569575418782,0.15619569575418782
harmonic_mean_Sensed_Fan_Speed_Sensed_T45,-0.03263480504775183,-0.15603326905079723,-0.10648867297235874,0.15603326905079723
geometric_mean_Sensed_Pamb_Sensed_T5,-0.025450344735505056,-0.15572447989880014,-0.12002993286885012,0.15572447989880014
diff_Sensed_Core_Speed_Sensed_T45,-0.011598319126054635,0.02140300928332337,0.15526148525550093,0.15526148525550093
quad_ratio_Sensed_Pamb_Sensed_VAFN_Sensed_Fan_Speed_Sensed_T45,0.028998771180315963,0.1551482411051343,0.08952220182386289,0.1551482411051343
geometric_mean_Sensed_Altitude_Sensed_T45,-0.019868795927744102,-0.15475237282371676,-0.1329852585829268,0.15475237282371676
ratio_inv_Sensed_VAFN_Sensed_P25,-0.02615354805144085,-0.13700854551137726,-0.1543994383540216,0.1543994383540216
tri_prod_ratio_Sensed_Altitude_Sensed_Mach_Sensed_T45,0.029822956648905503,0.15438608341011997,0.11357629681256655,0.15438608341011997
tri_harmonic_Sensed_Fan_Speed_Sensed_Core_Speed_Sensed_T45,-0.03245597898550219,-0.15380076044961605,-0.10123540141048583,0.15380076044961605
tri_prod_ratio_Sensed_Altitude_Sensed_Fan_Speed_Sensed_P25,0.024198357408228163,0.08189858785753511,0.15326183367230994,0.15326183367230994
geometric_mean_Sensed_VAFN_Sensed_T5,-0.02314040224469267,-0.15293353479999444,-0.1421054828244772,0.15293353479999444
tri_weighted_Sensed_Mach_Sensed_WFuel_Sensed_T5,0.03871940375467656,0.15218662629457932,0.09449697537922003,0.15218662629457932
ratio_squared_Sensed_P25_Sensed_T5,0.029351214336191048,0.1514234417638033,0.049506074870202615,0.1514234417638033
geometric_mean_Sensed_T3_Sensed_P25,-0.026130371066416063,-0.15134374633567282,-0.0633378836725756,0.15134374633567282
ratio_squared_Sensed_TAT_Sensed_P25,0.01748740109547653,0.07702065275510667,0.15134313009892864,0.15134313009892864
geometric_mean_Sensed_Pt2_Sensed_T45,-0.028128957040495735,-0.1508122870444908,-0.10769528062305293,0.1508122870444908
geometric_mean_Sensed_Core_Speed_Sensed_T5,-0.024216515778278637,-0.15040511725024364,-0.09380327355226775,0.15040511725024364
geometric_mean_Sensed_Pamb_Sensed_T45,-0.02730469901802809,-0.15039617706667863,-0.11959197346349859,0.15039617706667863
harmonic_mean_Sensed_Altitude_Sensed_T45,-0.022471143456996398,-0.14851367403135834,-0.1251645975246814,0.14851367403135834
tri_ratio_diff_Sensed_WFuel_Sensed_T3_Sensed_T5,-0.0046726159086750456,-0.0786621908130584,-0.1478526729110629,0.1478526729110629
tri_diff_ratio_Sensed_Altitude_Sensed_T45_Sensed_P25,0.025927040291613697,0.10613750309708853,0.14706686527804624,0.14706686527804624
geometric_mean_Sensed_VAFN_Sensed_T45,-0.023919514309492802,-0.14388522022672617,-0.14618802920794255,0.14618802920794255
tri_ratio_sum_Sensed_Mach_Sensed_T3_Sensed_T45,0.021816804133969192,0.14594739623492686,0.05344508049561515,0.14594739623492686
ratio_squared_Sensed_Pamb_Sensed_P25,0.020920042073421956,0.08866434394914402,0.14591133746311025,0.14591133746311025
geometric_mean_Sensed_Fan_Speed_Sensed_T5,-0.022629614802877666,-0.14467494951399482,-0.10322501563015579,0.14467494951399482
interact_mach_Sensed_Ps3,0.004925641059309552,0.04532690906652437,0.14444054267930342,0.14444054267930342
product_Sensed_Mach_Sensed_Ps3,0.004925641059309552,0.04532690906652437,0.14444054267930342,0.14444054267930342
tri_sum_prod_Sensed_Mach_Sensed_Pamb_Sensed_P25,-0.026119260276506913,-0.09810731008786999,-0.14409646332322512,0.14409646332322512
tri_ratio_sum_Sensed_Pamb_Sensed_Fan_Speed_Sensed_T5,0.02279779700371489,0.1439536715375802,0.1035714232790913,0.1439536715375802
product_Sensed_T25_Sensed_Ps3,0.00020103762738549365,-0.0008047547905392083,0.14354812081785925,0.14354812081785925
temp_press_product_Sensed_T25_Sensed_Ps3,0.00020103762738549365,-0.0008047547905392083,0.14354812081785925,0.14354812081785925
geometric_mean_Sensed_Mach_Sensed_T5,-0.02615766705958441,-0.14339119429218605,-0.11943232131424997,0.14339119429218605
geometric_mean_Sensed_T25_Sensed_Ps3,0.00040195199593972067,-0.001115436855007059,0.1433320625289569,0.1433320625289569
product_Sensed_Pamb_Sensed_P25,-0.02584484374953038,-0.0988260691910813,-0.14333010567512408,0.14333010567512408
press_product_Sensed_Pamb_Sensed_P25,-0.02584484374953038,-0.0988260691910813,-0.14333010567512408,0.14333010567512408
geometric_mean_Sensed_Pamb_Sensed_P25,-0.026027671404002063,-0.09857278603513134,-0.14311285753575903,0.14311285753575903
tri_sum_ratio_Sensed_Core_Speed_Sensed_T45_Sensed_P25,0.015024725971046891,0.05210102240376006,0.14294502184268287,0.14294502184268287
tri_mean_ratio_Sensed_Core_Speed_Sensed_T45_Sensed_P25,0.015024725971046891,0.05210102240376006,0.14294502184268287,0.14294502184268287
tri_prod_ratio_Sensed_Pamb_Sensed_T45_Sensed_T5,0.012728353395571821,0.1428657655837522,0.1117338663338764,0.1428657655837522
geometric_mean_Sensed_Core_Speed_Sensed_T45,-0.02522497905765754,-0.14245500673760553,-0.08557365539824058,0.14245500673760553
diff_Sensed_Core_Speed_Sensed_T5,-0.013742214013518092,0.012031351304401305,0.14054979577642995,0.14054979577642995
harmonic_mean_Sensed_Core_Speed_Sensed_T45,-0.021181337693311948,-0.14043938383412605,-0.11486696759471202,0.14043938383412605
tri_mean_ratio_Sensed_Altitude_Sensed_Core_Speed_Sensed_T3,0.03328819319408648,0.14037222670672034,-0.07523767686682564,0.14037222670672034
tri_sum_ratio_Sensed_Altitude_Sensed_Core_Speed_Sensed_T3,0.03328819319408648,0.14037222670672034,-0.07523767686682564,0.14037222670672034
geometric_mean_Sensed_Mach_Sensed_Ps3,0.0037483294794997254,0.04357415736564927,0.13987143699715743,0.13987143699715743
tri_ratio_diff_Sensed_Altitude_Sensed_WFuel_Sensed_P25,0.02150908210022757,0.0899664264949577,0.13936162255286647,0.13936162255286647
tri_prod_ratio_Sensed_Pamb_Sensed_Core_Speed_Sensed_T3,0.015383230248224739,0.1390344511510087,-0.031168686638443396,0.1390344511510087
tri_prod_ratio_Sensed_Altitude_Sensed_Fan_Speed_Sensed_T3,0.03764872786144707,0.13892552818066964,-0.08032922809928444,0.13892552818066964
tri_ratio_sum_Sensed_Altitude_Sensed_Fan_Speed_Sensed_T5,0.038419893928442805,0.13886385546144708,0.08293809794981859,0.13886385546144708
tri_ratio_sum_Sensed_Altitude_Sensed_WFuel_Sensed_P25,0.021663000661456724,0.09111321165836835,0.13848798869201098,0.13848798869201098
interact_alt_mach_Sensed_Ps3,0.010195628920057504,0.04351141527615055,0.13771275470010347,0.13771275470010347
tri_prod_ratio_Sensed_Pamb_Sensed_P25_Sensed_T5,0.02316350512202952,0.13741668245563865,0.053370145398655255,0.13741668245563865
ratio_squared_Sensed_Fan_Speed_Sensed_T25,0.03625088208665188,0.13712446158670355,0.10170418061525914,0.13712446158670355
tri_sum_prod_Sensed_Core_Speed_Sensed_T45_Sensed_P25,-0.03137601749884631,-0.13670064763506223,-0.13561952798058852,0.13670064763506223
tri_sum_ratio_Sensed_Altitude_Sensed_Fan_Speed_Sensed_P25,0.02736421200029254,0.0881824964738287,0.13637379241602193,0.13637379241602193
tri_mean_ratio_Sensed_Altitude_Sensed_Fan_Speed_Sensed_P25,0.02736421200029254,0.0881824964738287,0.13637379241602193,0.13637379241602193
ratio_Sensed_VAFN_Sensed_P25,0.02659665128036444,0.12307845051415665,0.13613301356045127,0.13613301356045127
ratio_squared_Sensed_Core_Speed_Sensed_T25,0.02578372268483467,0.10776753348608821,0.13566558881537244,0.13566558881537244
tri_ratio_sum_Sensed_Pamb_Sensed_Fan_Speed_Sensed_T45,0.02197406770794351,0.13516803156710103,0.10537450924461025,0.13516803156710103
tri_ratio_sum_Sensed_Mach_Sensed_Pamb_Sensed_P25,0.009321151956343001,0.0949248424453123,0.1349343591273932,0.1349343591273932
ratio_squared_Sensed_VAFN_Sensed_T3,0.02897409245837657,0.13487505232334876,-0.0949062715877605,0.13487505232334876
harmonic_mean_Sensed_Altitude_Sensed_T5,-0.017235810839727545,-0.13462995062737576,-0.10953886037305167,0.13462995062737576
ratio_squared_Sensed_Mach_Sensed_P25,0.015142690274489607,0.09121637900304991,0.13347554881485638,0.13347554881485638
ratio_Sensed_VAFN_Sensed_T3,0.026708279020793865,0.13306275008267004,-0.0918232352301627,0.13306275008267004
tri_weighted_Sensed_Altitude_Sensed_Fan_Speed_Sensed_P25,0.027286986965430436,0.08679605541924586,0.13296838273580205,0.13296838273580205
quad_sum_ratio_Sensed_VAFN_Sensed_Fan_Speed_Sensed_Core_Speed_Sensed_Ps3,0.018776480428744795,0.07037276985791369,-0.13269901350129298,0.13269901350129298
norm_altitude_Sensed_P25,-0.026405323883593446,-0.08789006997110724,-0.13268822916898604,0.13268822916898604
ratio_inv_Sensed_Altitude_Sensed_P25,-0.026405323883593446,-0.08789006997110724,-0.13268822916898604,0.13268822916898604
tri_ratio_sum_Sensed_Altitude_Sensed_Fan_Speed_Sensed_T45,0.03804366894715919,0.13263417250674053,0.08655542746268854,0.13263417250674053
tri_ratio_diff_Sensed_Mach_Sensed_Pamb_Sensed_P25,0.018458792001261114,0.08817468011858717,0.13247179570141776,0.13247179570141776
tri_prod_ratio_Sensed_T3_Sensed_P25_Sensed_T5,0.011057026670275931,0.07782568215955837,0.13235715000728243,0.13235715000728243
geometric_mean_Sensed_TAT_Sensed_T5,-0.021728404418462955,-0.13210599963814995,-0.08986055478918356,0.13210599963814995
geometric_mean_Sensed_Fan_Speed_Sensed_T45,-0.022666147130347217,-0.13200878862880555,-0.09489850984588652,0.13200878862880555
tri_harmonic_Sensed_Fan_Speed_Sensed_T3_Sensed_T45,-0.023511765455252506,-0.13136768769962037,-0.021952533515086636,0.13136768769962037
tri_sum_prod_Sensed_Pamb_Sensed_T3_Sensed_P25,-0.01923480727507754,-0.1309381530628241,-0.057505621531512036,0.1309381530628241
tri_sum_prod_Sensed_Mach_Sensed_T3_Sensed_P25,-0.019188275951651398,-0.13080969782848745,-0.057198157905586786,0.13080969782848745
product_Sensed_T3_Sensed_P25,-0.01918333601759524,-0.13080526532710504,-0.057165401704169436,0.13080526532710504
tri_ratio_diff_Sensed_Altitude_Sensed_Mach_Sensed_P25,0.027242084474612814,0.08621657392128101,0.13062160522719987,0.13062160522719987
tri_sum_prod_Sensed_WFuel_Sensed_T3_Sensed_P25,-0.019036585632533066,-0.13032303371307263,-0.05706977456049807,0.13032303371307263
inv_Sensed_T3,0.028059111083929125,0.130227649830365,-0.08559220451614963,0.130227649830365
tri_diff_ratio_Sensed_Altitude_Sensed_WFuel_Sensed_P25,0.027181812169997887,0.0854218385817739,0.12952467150882443,0.12952467150882443
tri_sum_prod_Sensed_Fan_Speed_Sensed_T3_Sensed_P25,-0.02291165478021879,-0.1294423542543843,-0.09730370878169001,0.1294423542543843
tri_sum_ratio_Sensed_Altitude_Sensed_Pamb_Sensed_P25,0.027195866527389426,0.08531899418513036,0.1293631734259461,0.1293631734259461
tri_mean_ratio_Sensed_Altitude_Sensed_Pamb_Sensed_P25,0.027195866527389426,0.08531899418513036,0.1293631734259461,0.1293631734259461
tri_weighted_Sensed_Altitude_Sensed_Pamb_Sensed_P25,0.0271951676061145,0.08531118535756349,0.12934935072336473,0.12934935072336473
tri_mean_ratio_Sensed_Altitude_Sensed_Mach_Sensed_P25,0.027194482448011988,0.08530497552239191,0.12933782731457955,0.12933782731457955
tri_sum_ratio_Sensed_Altitude_Sensed_Mach_Sensed_P25,0.027194482448011988,0.08530497552239191,0.12933782731457955,0.12933782731457955
tri_weighted_Sensed_Altitude_Sensed_Mach_Sensed_P25,0.027194475382636196,0.08530417505672559,0.12933667605707022,0.12933667605707022
ratio_Sensed_Altitude_Sensed_P25,0.02719446831447915,0.0853033745732372,0.12933552477326893,0.12933552477326893
tri_diff_ratio_Sensed_Altitude_Sensed_Mach_Sensed_P25,0.02719445416982117,0.08530177355279384,0.1293332221267891,0.1293332221267891
tri_diff_ratio_Sensed_Altitude_Sensed_Pamb_Sensed_P25,0.027193068619666253,0.08528774713285693,0.12930786312833625,0.12930786312833625
tri_weighted_Sensed_Altitude_Sensed_WFuel_Sensed_P25,0.027200660047883705,0.08524385037648885,0.12924051655418323,0.12924051655418323
ratio_inv_Sensed_T25_Sensed_P25,0.00042251400017582954,-0.029363860291514707,-0.12914915267974805,0.12914915267974805
tri_mean_ratio_Sensed_Altitude_Sensed_WFuel_Sensed_P25,0.027206761212365198,0.08518413316306057,0.12914522117646318,0.12914522117646318
tri_sum_ratio_Sensed_Altitude_Sensed_WFuel_Sensed_P25,0.027206761212365198,0.08518413316306057,0.12914522117646318,0.12914522117646318
tri_diff_ratio_Sensed_Altitude_Sensed_T3_Sensed_P25,0.023545269158679192,0.09470466457057011,0.12831754534721723,0.12831754534721723
tri_ratio_sum_Sensed_Altitude_Sensed_Mach_Sensed_P25,0.027138336991779338,0.08432375319426746,0.12794345093557258,0.12794345093557258
geometric_mean_Sensed_Mach_Sensed_T45,-0.026494359069055798,-0.12788585902824146,-0.11236382569794,0.12788585902824146
ratio_Sensed_Core_Speed_Sensed_T25,0.020927638348136178,0.09987027705167839,0.1277011637039498,0.1277011637039498
tri_weighted_Sensed_Altitude_Sensed_Core_Speed_Sensed_T3,0.032781845193277516,0.1274151484111551,-0.07757987461329621,0.1274151484111551
harmonic_mean_Sensed_Core_Speed_Sensed_T5,-0.015833374613022963,-0.12724998358418477,-0.102321302381821,0.12724998358418477
tri_prod_ratio_Sensed_Altitude_Sensed_Core_Speed_Sensed_T3,0.03327114658502199,0.1269405706995623,-0.04960976991258695,0.1269405706995623
tri_sum_prod_Sensed_Core_Speed_Sensed_T3_Sensed_P25,-0.028951985948155595,-0.1250044519871375,-0.11356178426712649,0.1250044519871375
reciprocal_sqrt_Sensed_T3,0.024412126107414514,0.123412266327116,-0.07881923289476309,0.123412266327116
tri_diff_ratio_Sensed_Pamb_Sensed_P25_Sensed_T5,-0.026651947920052453,-0.12328193293893691,-0.007555803061067203,0.12328193293893691
ratio_Sensed_Fan_Speed_Sensed_T25,0.02907304206072285,0.1231550651453362,0.0937251069924177,0.1231550651453362
tri_sum_prod_Sensed_WFuel_Sensed_Fan_Speed_Sensed_P25,-0.021891965087630128,-0.09697454043942104,-0.12301934271722975,0.12301934271722975
tri_sum_prod_Sensed_Pamb_Sensed_Fan_Speed_Sensed_P25,-0.02198407859819362,-0.09687644629214465,-0.12291796893503161,0.12291796893503161
tri_sum_prod_Sensed_Mach_Sensed_Fan_Speed_Sensed_P25,-0.021956408805267735,-0.09679383565687734,-0.12276400516086636,0.12276400516086636
product_Sensed_Fan_Speed_Sensed_P25,-0.021954525442112648,-0.09679781779027477,-0.12275675320974935,0.12275675320974935
quad_ratio_Sensed_VAFN_Sensed_Fan_Speed_Sensed_Ps3_Sensed_T45,0.020355252793878266,0.1219515084138585,-0.03980022216418222,0.1219515084138585
tri_prod_ratio_Sensed_Altitude_Sensed_Pamb_Sensed_T3,0.03021173993655211,0.1217406752988692,-0.08439141914296361,0.1217406752988692
ratio_squared_Sensed_T25_Sensed_T45,0.02786243781645683,0.1217074943945006,0.11512898697371729,0.1217074943945006
tri_prod_ratio_Sensed_Fan_Speed_Sensed_T45_Sensed_T5,0.014436237470629895,0.116314472209646,0.12134445801323311,0.12134445801323311
tri_diff_ratio_Sensed_Altitude_Sensed_Fan_Speed_Sensed_P25,0.026955526222235456,0.08196256849478034,0.12131861970111499,0.12131861970111499
tri_prod_ratio_Sensed_T45_Sensed_P25_Sensed_T5,-0.008611989288166514,-0.028724491644394903,-0.12062826664921028,0.12062826664921028
sum_Sensed_WFuel_Sensed_P25,-0.0031080856969857894,-0.07605371029457786,-0.12054080601755437,0.12054080601755437
tri_harmonic_Sensed_Altitude_Sensed_T45_Sensed_T5,-0.014440204367779997,-0.1204747201842906,-0.10012127489295508,0.1204747201842906
geometric_mean_Sensed_Fan_Speed_Sensed_P25,-0.0222492590098483,-0.0953113673467789,-0.12040365981175241,0.12040365981175241
tri_weighted_Sensed_Altitude_Sensed_T3_Sensed_P25,0.026740094810198047,0.07514000300619256,0.12032700440029175,0.12032700440029175
tri_ratio_diff_Sensed_Altitude_Sensed_Pamb_Sensed_P25,0.027024514418699,0.07807022801849822,0.11997177329448343,0.11997177329448343
ratio_squared_Sensed_Altitude_Sensed_P25,0.027267236948837027,0.0790362790474142,0.11974004364106952,0.11974004364106952
diff_Sensed_TAT_Sensed_Ps3,-0.020914497621354597,-0.05220758588365265,-0.11937405638380845,0.11937405638380845
tri_weighted_Sensed_Mach_Sensed_Pamb_Sensed_T3,0.018626880750252404,0.11933073237019416,-0.0746248498307617,0.11933073237019416
tri_sum_prod_Sensed_WFuel_Sensed_Core_Speed_Sensed_P25,-0.028784873827836725,-0.11835720991992808,-0.11520641943102934,0.11835720991992808
tri_sum_prod_Sensed_Pamb_Sensed_Core_Speed_Sensed_P25,-0.028791249858873942,-0.11833675727673487,-0.1151954073859627,0.11833675727673487
product_Sensed_Core_Speed_Sensed_P25,-0.02879040567333436,-0.11833588530421506,-0.11517801554013615,0.11833588530421506
tri_sum_prod_Sensed_Mach_Sensed_Core_Speed_Sensed_P25,-0.028790322891895804,-0.11833458097577478,-0.1151789204905031,0.11833458097577478
geometric_mean_Sensed_TAT_Sensed_T45,-0.0216391800520105,-0.1181073049542613,-0.07965059251435581,0.1181073049542613
tri_prod_ratio_Sensed_Altitude_Sensed_T45_Sensed_T5,0.032995979577978535,0.11794043579125557,0.06771433067370794,0.11794043579125557
geometric_mean_Sensed_Core_Speed_Sensed_P25,-0.028975875543726035,-0.11733160076102711,-0.11376362729673814,0.11733160076102711
tri_mean_ratio_Sensed_Mach_Sensed_Pamb_Sensed_T3,0.01871683628982121,0.11715401320941737,-0.07209727747307376,0.11715401320941737
tri_sum_ratio_Sensed_Mach_Sensed_Pamb_Sensed_T3,0.01871683628982121,0.11715401320941737,-0.07209727747307376,0.11715401320941737
ratio_inv_Sensed_T45_Sensed_P25,0.024941883636100386,0.1166584748387475,0.020034054650997793,0.1166584748387475
tri_sum_prod_Sensed_Fan_Speed_Sensed_Core_Speed_Sensed_P25,-0.028213634166859396,-0.11657612095827735,-0.11612359647549442,0.11657612095827735
tri_harmonic_Sensed_Core_Speed_Sensed_T45_Sensed_T5,-0.013600945777559305,-0.11611934118885049,-0.09576031007528707,0.11611934118885049
ratio_squared_Sensed_VAFN_Sensed_P25,0.026020870316637218,0.1061561584052921,0.11553685027162977,0.11553685027162977
ratio_squared_Sensed_Pamb_Sensed_T3,0.020398355103314326,0.1151149270577823,-0.07118724386648279,0.1151149270577823
tri_ratio_sum_Sensed_Pamb_Sensed_T3_Sensed_P25,0.018751009372618747,0.11490559113352229,-0.06525519689273299,0.11490559113352229
tri_prod_ratio_Sensed_Altitude_Sensed_Mach_Sensed_P25,0.016375079956331137,0.08007440821656228,0.11471123846272392,0.11471123846272392
quad_diff_ratio_Sensed_Pamb_Sensed_VAFN_Sensed_Fan_Speed_Sensed_Core_Speed,-0.01784737695710418,-0.06828019019524165,0.11442845751554259,0.11442845751554259
quad_sum_ratio_Sensed_Pamb_Sensed_VAFN_Sensed_Core_Speed_Sensed_Ps3,0.016556446590319938,0.06395078484217874,-0.11384767515311678,0.11384767515311678
tri_ratio_sum_Sensed_Pamb_Sensed_WFuel_Sensed_T3,0.01866400070732036,0.1137474086611582,-0.06852881811776176,0.1137474086611582
ratio_Sensed_Pamb_Sensed_T3,0.018663249420488803,0.11371611820381497,-0.06863629676562526,0.11371611820381497
tri_ratio_diff_Sensed_Pamb_Sensed_WFuel_Sensed_T3,0.01866253330688861,0.11368483813262881,-0.06874390282223244,0.11368483813262881
ratio_inv_Sensed_Core_Speed_Sensed_T45,-0.008906396838843362,-0.10050999129258645,-0.11357421372608927,0.11357421372608927
interact_alt_mach_Sensed_P25,-0.015260321528640717,-0.06584909102847906,-0.11288374605319626,0.11288374605319626
tri_mean_ratio_Sensed_Altitude_Sensed_Fan_Speed_Sensed_T3,0.03233959888176736,0.11284315573389009,-0.08183089528902038,0.11284315573389009
tri_sum_ratio_Sensed_Altitude_Sensed_Fan_Speed_Sensed_T3,0.03233959888176736,0.11284315573389009,-0.08183089528902038,0.11284315573389009
quad_ratio_Sensed_Pamb_Sensed_Fan_Speed_Sensed_Ps3_Sensed_T45,0.015427837374055042,0.11257578027943485,-0.023187431598607772,0.11257578027943485
tri_ratio_diff_Sensed_Pamb_Sensed_T3_Sensed_P25,0.018571658554555514,0.1124962351192938,-0.07204183485822703,0.1124962351192938
tri_weighted_Sensed_Pamb_Sensed_WFuel_Sensed_T3,0.02173754529929783,0.11237375196048766,-0.08506055489909511,0.11237375196048766
tri_weighted_Sensed_Altitude_Sensed_T45_Sensed_P25,0.025587886857684754,0.07000307121489341,0.11186842598997634,0.11186842598997634
quad_sum_ratio_Sensed_Pamb_Sensed_Fan_Speed_Sensed_Core_Speed_Sensed_T45,0.023340850237545056,0.11180281706526,-0.0038165129296260833,0.11180281706526
sum_Sensed_Core_Speed_Sensed_Ps3,-0.016306864255739333,-0.031313479281322665,0.11159452464324152,0.11159452464324152
tri_ratio_sum_Sensed_Altitude_Sensed_Pamb_Sensed_P25,0.025539944409631792,0.07509963938460033,0.11144590893156839,0.11144590893156839
diff_Sensed_Fan_Speed_Sensed_Core_Speed,0.017957030174234192,0.03586923419917348,-0.11128075583875642,0.11128075583875642
product_Sensed_Pt2_Sensed_P25,-0.024404022264444658,-0.09236711594562641,-0.11124632876996918,0.11124632876996918
press_product_Sensed_Pt2_Sensed_P25,-0.024404022264444658,-0.09236711594562641,-0.11124632876996918,0.11124632876996918
tri_ratio_sum_Sensed_Fan_Speed_Sensed_Core_Speed_Sensed_T45,0.023263085667245983,0.11123674860239943,-0.0035904817094903874,0.11123674860239943
tri_ratio_sum_Sensed_Mach_Sensed_Fan_Speed_Sensed_T5,0.01260729432739716,0.11098749399656367,0.06407268437143322,0.11098749399656367
tri_prod_ratio_Sensed_Mach_Sensed_P25_Sensed_T5,0.015671461202671585,0.11096782070604076,0.03311162033639486,0.11096782070604076
diff_Sensed_VAFN_Sensed_T45,0.011725467746004204,0.11088697165944934,0.06211286705411499,0.11088697165944934
interact_mach_Sensed_P25,-0.021012222437844695,-0.06586800024989066,-0.11034253414150332,0.11034253414150332
product_Sensed_Mach_Sensed_P25,-0.021012222437844695,-0.06586800024989066,-0.11034253414150332,0.11034253414150332
geometric_mean_Sensed_Pt2_Sensed_P25,-0.024446754599734388,-0.09172346291246623,-0.1103115638101659,0.1103115638101659
diff_Sensed_VAFN_Sensed_Core_Speed,0.01763633383332268,0.04365541752346019,-0.11012229523250164,0.11012229523250164
tri_weighted_Sensed_Altitude_Sensed_Fan_Speed_Sensed_T3,0.03198881513802674,0.11006130475257819,-0.08088851937090502,0.11006130475257819
diff_Sensed_T45_Sensed_T5,-0.03405258393162149,-0.10988080897946864,-0.10672880781875026,0.10988080897946864
temp_diff_Sensed_T45_Sensed_T5,-0.03405258393162149,-0.10988080897946864,-0.10672880781875026,0.10988080897946864
ratio_Sensed_VAFN_Sensed_Core_Speed,0.01720054849377202,0.06607297605524742,-0.10976650427904736,0.10976650427904736
tri_sum_ratio_Sensed_Altitude_Sensed_T3_Sensed_P25,0.025598106037307247,0.06490927780550486,0.10968568188024119,0.10968568188024119
tri_mean_ratio_Sensed_Altitude_Sensed_T3_Sensed_P25,0.025598106037307247,0.06490927780550486,0.10968568188024119,0.10968568188024119
quad_sum_ratio_Sensed_VAFN_Sensed_Fan_Speed_Sensed_Core_Speed_Sensed_T45,0.02406349600721851,0.10952520287919984,-0.06766111599667579,0.10952520287919984
ratio_inv_Sensed_VAFN_Sensed_Core_Speed,-0.017027986395158783,-0.06275160324605626,0.10951891780691507,0.10951891780691507
ratio_inv_Sensed_TAT_Sensed_T45,-0.008929520286833248,-0.10646387586544254,-0.10936673697591762,0.10936673697591762
ratio_squared_Sensed_Altitude_Sensed_T3,0.03401863235072429,0.10928572858231557,-0.08314462522076012,0.10928572858231557
ratio_squared_Sensed_VAFN_Sensed_Core_Speed,0.017246329326599807,0.06697570756349283,-0.10927669843815556,0.10927669843815556
geometric_mean_Sensed_T25_Sensed_P25,-0.01419657522277645,-0.09795997634626752,-0.1091770611113908,0.1091770611113908
tri_diff_ratio_Sensed_Mach_Sensed_Pamb_Sensed_T3,-0.018407548143144527,-0.1086720722040049,0.0640389929605801,0.1086720722040049
reciprocal_sqrt_Sensed_Ps3,0.0009793458693592612,-0.0333185570184593,-0.10826949533762717,0.10826949533762717
harmonic_mean_Sensed_TAT_Sensed_T5,-0.02610577779637618,-0.10821210491438894,-0.0492551379510345,0.10821210491438894
tri_ratio_sum_Sensed_Mach_Sensed_Fan_Speed_Sensed_T45,0.012574878927116208,0.10801613546029051,0.06816839515107617,0.10801613546029051
product_Sensed_Ps3_Sensed_T45,-0.02095064200064649,-0.10774904842427839,0.04084636980351307,0.10774904842427839
temp_press_product_Sensed_T45_Sensed_Ps3,-0.02095064200064649,-0.10774904842427839,0.04084636980351307,0.10774904842427839
geometric_mean_Sensed_Mach_Sensed_P25,-0.020846729191903886,-0.06481494299578949,-0.10772502047024053,0.10772502047024053
tri_ratio_sum_Sensed_Altitude_Sensed_T3_Sensed_P25,0.03167139109410226,0.10764962699250381,-0.07643631419062247,0.10764962699250381
inv_Sensed_Core_Speed,0.017306132383970798,0.03769913988504685,-0.10759736043566942,0.10759736043566942
diff_Sensed_TAT_Sensed_Core_Speed,0.017377371241743093,0.03501342601784052,-0.1075796693523251,0.1075796693523251
ratio_inv_Sensed_VBV_Sensed_Ps3,0.01531519954070668,0.02988967702279933,0.10752188320209184,0.10752188320209184
tri_ratio_diff_Sensed_Altitude_Sensed_Pamb_Sensed_T3,0.031651979485561595,0.10743053713443113,-0.08004107854089412,0.10743053713443113
reciprocal_sqrt_Sensed_Core_Speed,0.017278295379898327,0.03696068049137541,-0.10740526168014033,0.10740526168014033
diff_Sensed_Core_Speed_Sensed_T25,-0.020471581237656508,-0.0239006635086339,0.10727407376105186,0.10727407376105186
tri_mean_ratio_Sensed_Altitude_Sensed_Pamb_Sensed_T3,0.03162104111559062,0.10718667506515533,-0.07990800432327447,0.10718667506515533
tri_sum_ratio_Sensed_Altitude_Sensed_Pamb_Sensed_T3,0.03162104111559062,0.10718667506515533,-0.07990800432327447,0.10718667506515533
tri_ratio_sum_Sensed_Altitude_Sensed_WFuel_Sensed_T3,0.03162004889589104,0.10718548559703704,-0.07979144786297052,0.10718548559703704
tri_ratio_diff_Sensed_Altitude_Sensed_Mach_Sensed_T3,0.031618320837406205,0.10718520399524016,-0.07991305351491015,0.10718520399524016
tri_weighted_Sensed_Altitude_Sensed_Pamb_Sensed_T3,0.03162076004153319,0.10717800145908157,-0.07990400795472302,0.10717800145908157
tri_mean_ratio_Sensed_Altitude_Sensed_WFuel_Sensed_T3,0.03162320764281111,0.10717109767418027,-0.07991198982931835,0.10717109767418027
tri_sum_ratio_Sensed_Altitude_Sensed_WFuel_Sensed_T3,0.03162320764281111,0.10717109767418027,-0.07991198982931835,0.10717109767418027
tri_mean_ratio_Sensed_Altitude_Sensed_Mach_Sensed_T3,0.03162017699503352,0.10717031987761827,-0.07990073688708779,0.10717031987761827
tri_sum_ratio_Sensed_Altitude_Sensed_Mach_Sensed_T3,0.03162017699503352,0.10717031987761827,-0.07990073688708779,0.10717031987761827
tri_weighted_Sensed_Altitude_Sensed_WFuel_Sensed_T3,0.03162184307866503,0.10717021142646768,-0.07990599982756177,0.10717021142646768
tri_weighted_Sensed_Altitude_Sensed_Mach_Sensed_T3,0.03162032769441026,0.1071698222750739,-0.07990037325212332,0.1071698222750739
ratio_Sensed_Altitude_Sensed_T3,0.031620478390788465,0.10716932464089772,-0.07990000959373232,0.10716932464089772
tri_diff_ratio_Sensed_Altitude_Sensed_Mach_Sensed_T3,0.03162077977454774,0.10716832927764461,-0.07989928220666681,0.10716832927764461
tri_diff_ratio_Sensed_Altitude_Sensed_WFuel_Sensed_T3,0.03161774864398564,0.10716754945645234,-0.07988802843035897,0.10716754945645234
tri_ratio_sum_Sensed_Altitude_Sensed_Mach_Sensed_T3,0.03162263021954975,0.10715343293029289,-0.07988695649069016,0.10715343293029289
tri_ratio_diff_Sensed_Altitude_Sensed_WFuel_Sensed_T3,0.03162094103298846,0.10715316949071292,-0.08000871656695828,0.10715316949071292
tri_diff_ratio_Sensed_Altitude_Sensed_Pamb_Sensed_T3,0.031619913358211786,0.10715196136505097,-0.07989200689198145,0.10715196136505097
log_Sensed_Core_Speed,-0.017234308363613067,-0.03608729400171024,0.10703226498990165,0.10703226498990165
log10_Sensed_Core_Speed,-0.01723430836361256,-0.036087294001710346,0.10703226498990134,0.10703226498990134
tri_ratio_sum_Sensed_Altitude_Sensed_Pamb_Sensed_T3,0.031588730980925996,0.10690802386337198,-0.07975860568310497,0.10690802386337198
cbrt_Sensed_Core_Speed,-0.01719256530789717,-0.0354177427590651,0.10665804690780263,0.10665804690780263
tri_ratio_diff_Sensed_Altitude_Sensed_T3_Sensed_P25,0.03156126276519947,0.10665413663722531,-0.08342310319150938,0.10665413663722531
sqrt_Sensed_Core_Speed,-0.01716703751970297,-0.03505375422234374,0.10642668659689278,0.10642668659689278
geometric_mean_Sensed_Ps3_Sensed_T45,-0.020831414598848276,-0.10617260440489644,0.04012567521155469,0.10617260440489644
diff_Sensed_Core_Speed_Sensed_P25,-0.017015782410802073,-0.033554546918930686,0.10604635343609868,0.10604635343609868
quad_sum_ratio_Sensed_Pamb_Sensed_VAFN_Sensed_Fan_Speed_Sensed_Core_Speed,0.01664581692926374,0.06418997372667731,-0.10580855382687193,0.10580855382687193
diff_Sensed_WFuel_Sensed_Core_Speed,0.01711870991215403,0.03380587991128528,-0.1056079971010832,0.1056079971010832
log_Sensed_T3,-0.017200943936287884,-0.10559777476300011,0.06338594075223292,0.10559777476300011
log10_Sensed_T3,-0.017200943936287683,-0.10559777476300003,0.06338594075223299,0.10559777476300003
sum_Sensed_Pt2_Sensed_Core_Speed,-0.017075649735142872,-0.033845516568725614,0.10553264706205001,0.10553264706205001
sum_Sensed_Pamb_Sensed_Core_Speed,-0.017071791767969635,-0.03383370986091015,0.10553025988554847,0.10553025988554847
quad_diff_ratio_Sensed_Pamb_Sensed_VAFN_Sensed_Core_Speed_Sensed_Ps3,-0.017858571180817937,-0.06823540450030867,0.10552733331153175,0.10552733331153175
diff_Sensed_Mach_Sensed_Core_Speed,0.01706680496835464,0.033832391068907175,-0.1055269768843832,0.1055269768843832
sum_Sensed_VBV_Sensed_Core_Speed,-0.01706743620178633,-0.03383208594314107,0.10552537856542146,0.10552537856542146
diff_Sensed_VBV_Sensed_Core_Speed,0.017067439698006316,0.03383207917950623,-0.10552534543059885,0.10552534543059885
sum_Sensed_Mach_Sensed_Core_Speed,-0.017068070847162574,-0.03383177391454842,0.10552374668911788,0.10552374668911788
diff_Sensed_Pamb_Sensed_Core_Speed,0.017063082086614945,0.03383045129719697,-0.10552045174698256,0.10552045174698256
diff_Sensed_Pt2_Sensed_Core_Speed,0.017059219270352886,0.03381863535308274,-0.10551804142491314,0.10551804142491314
sum_Sensed_WFuel_Sensed_Core_Speed,-0.017015893508359407,-0.03385768711953874,0.10544093592200744,0.10544093592200744
sum_Sensed_Core_Speed_Sensed_P25,-0.017118951924891747,-0.03410914434194387,0.10500442252830663,0.10500442252830663
quad_ratio_Sensed_Fan_Speed_Sensed_Core_Speed_Sensed_Ps3_Sensed_T45,0.013558603572062549,0.10492288620933488,0.006417929456313581,0.10492288620933488
tri_sum_ratio_Sensed_Pamb_Sensed_WFuel_Sensed_T3,0.023477538185704284,0.1047200048232699,-0.09611408301692673,0.1047200048232699
tri_mean_ratio_Sensed_Pamb_Sensed_WFuel_Sensed_T3,0.023477538185704284,0.1047200048232699,-0.09611408301692673,0.1047200048232699
tri_mean_ratio_Sensed_Mach_Sensed_WFuel_Sensed_T5,0.03294926548059398,0.10429103267123291,0.0573011698553638,0.10429103267123291
tri_sum_ratio_Sensed_Mach_Sensed_WFuel_Sensed_T5,0.03294926548059398,0.10429103267123291,0.0573011698553638,0.10429103267123291
quad_sum_ratio_Sensed_Pamb_Sensed_Fan_Speed_Sensed_Core_Speed_Sensed_Ps3,0.011851985947015135,0.033032309675367647,-0.10415604405521851,0.10415604405521851
ratio_inv_Sensed_VAFN_Sensed_T45,-0.01063204560588515,-0.10385798401128198,-0.0749422543607319,0.10385798401128198
product_Sensed_TAT_Sensed_P25,-0.022640004679651424,-0.08729126850301261,-0.1038021147415413,0.1038021147415413
sum_Sensed_TAT_Sensed_Core_Speed,-0.016774435842989942,-0.03272570141251843,0.1035858169908835,0.1035858169908835
square_Sensed_Core_Speed,-0.016725313726944063,-0.030707601897068858,0.10252938289483926,0.10252938289483926
product_Sensed_Altitude_Sensed_T45,-0.008022827319483658,-0.10233872651110237,-0.09094341782439787,0.10233872651110237
interact_alt_Sensed_T45,-0.008022827319483658,-0.10233872651110237,-0.09094341782439787,0.10233872651110237
tri_sum_prod_Sensed_Altitude_Sensed_Mach_Sensed_T45,-0.00802300369697872,-0.10233844894609169,-0.0909432529351493,0.10233844894609169
tri_sum_prod_Sensed_Altitude_Sensed_Pamb_Sensed_T45,-0.008024052024095493,-0.10233790917865909,-0.09094078376816378,0.10233790917865909
geometric_mean_Sensed_TAT_Sensed_P25,-0.023015544492525464,-0.08650457306759338,-0.10218685638660069,0.10218685638660069
interact_alt_squared_Sensed_T45,-0.005757711123928614,-0.1020452269828108,-0.09251569449764577,0.1020452269828108
quad_ratio_Sensed_VAFN_Sensed_Core_Speed_Sensed_Ps3_Sensed_T45,0.015403954933574604,0.10193699729331918,-0.01970179655435958,0.10193699729331918
tri_sum_prod_Sensed_Altitude_Sensed_WFuel_Sensed_T45,-0.007897627330648992,-0.101770345921771,-0.09048113244639001,0.101770345921771
tri_sum_prod_Sensed_Altitude_Sensed_Fan_Speed_Sensed_T45,-0.008241135425768964,-0.10155884386258224,-0.08912311637928821,0.10155884386258224
tri_prod_ratio_Sensed_Altitude_Sensed_Pamb_Sensed_Core_Speed,0.021573429328723706,0.02467849376494701,-0.10138731431649924,0.10138731431649924
tri_diff_ratio_Sensed_Altitude_Sensed_Fan_Speed_Sensed_T3,0.030827434991441055,0.10103688602423053,-0.07777501777196126,0.10103688602423053
ratio_inv_Sensed_Fan_Speed_Sensed_T45,-0.009232780279114405,-0.10086227720993371,-0.09959054699264477,0.10086227720993371
tri_diff_ratio_Sensed_Pamb_Sensed_WFuel_Sensed_T3,0.01100291432084909,0.1005685885411727,-0.03191630837618558,0.1005685885411727
sum_Sensed_Fan_Speed_Sensed_Core_Speed,-0.016280432093449364,-0.03204588158339415,0.10044861333921823,0.10044861333921823
sum_Sensed_VAFN_Sensed_T45,-0.007180301322451664,-0.07419563712138424,-0.10015175420679764,0.10015175420679764
tri_prod_ratio_Sensed_Mach_Sensed_Fan_Speed_Sensed_T3,0.008169709655771422,0.10002917619738205,-0.05773521536517508,0.10002917619738205
diff_Sensed_Ps3_Sensed_T45,0.010843357030407398,0.09991491167147055,0.09622819188426343,0.09991491167147055
temp_press_ratio_Sensed_T45_Sensed_Pamb,-0.008797771765076866,-0.09952472636058958,-0.09006149963433054,0.09952472636058958
ratio_inv_Sensed_Pamb_Sensed_T45,-0.008797771765076866,-0.09952472636058958,-0.09006149963433054,0.09952472636058958
quad_sum_ratio_Sensed_Pamb_Sensed_VAFN_Sensed_Fan_Speed_Sensed_Ps3,0.0058783996309911025,0.028071867860855873,-0.09948713772868267,0.09948713772868267
diff_Sensed_Core_Speed_Sensed_Ps3,-0.01783137160947728,-0.036379028023005,0.09924595308148636,0.09924595308148636
quad_ratio_Sensed_Pamb_Sensed_VAFN_Sensed_Ps3_Sensed_T45,0.015522166973279539,0.09915189830456742,-0.03966458733766716,0.09915189830456742
diff_Sensed_Fan_Speed_Sensed_T45,0.008918341803610326,0.09911461941875471,0.09683472153976669,0.09911461941875471
diff_Sensed_TAT_Sensed_T45,0.009530130677522938,0.0990695045995098,0.08987935501724731,0.0990695045995098
diff_Sensed_Core_Speed_Sensed_T3,-0.018781223321225345,-0.012426336017895237,0.09904386408960217,0.09904386408960217
ratio_squared_Sensed_Pt2_Sensed_T3,0.01577623180182014,0.09879325927848584,-0.06076037826463439,0.09879325927848584
diff_Sensed_WFuel_Sensed_T45,0.010088322002500608,0.09778399262943513,0.08486745796207126,0.09778399262943513
tri_sum_prod_Sensed_Altitude_Sensed_Core_Speed_Sensed_T45,-0.009454500417241198,-0.0977748026447337,-0.0745229425564145,0.0977748026447337
sum_Sensed_T45_Sensed_P25,-0.010046071637441405,-0.09772645113504871,-0.08523545116797776,0.09772645113504871
tri_ratio_sum_Sensed_Fan_Speed_Sensed_Core_Speed_Sensed_T5,0.019567022055245457,0.09762686536485671,-0.01924067827224266,0.09762686536485671
sum_Sensed_VAFN_Sensed_Core_Speed,-0.01596054650985598,-0.02228969124738708,0.09752106487661209,0.09752106487661209
ratio_Sensed_Pt2_Sensed_T3,0.014158792629781185,0.09740113618390903,-0.05829960587127418,0.09740113618390903
cube_Sensed_Core_Speed,-0.016103555964058328,-0.026515226756810437,0.09738702198464885,0.09738702198464885
sum_Sensed_Pt2_Sensed_T45,-0.00995090771707964,-0.09718998402680974,-0.08435271688437888,0.09718998402680974
sum_Sensed_Pamb_Sensed_T45,-0.00994228663695473,-0.09716927943519074,-0.08437510062789388,0.09716927943519074
diff_Sensed_Mach_Sensed_T45,0.009933182294803219,0.09716774998179807,0.08438526649790501,0.09716774998179807
sum_Sensed_VBV_Sensed_T45,-0.009934518216608495,-0.09716727231020997,-0.08438602867314146,0.09716727231020997
diff_Sensed_VBV_Sensed_T45,0.00993452590062028,0.09716725934239474,0.08438607045925633,0.09716725934239474
sum_Sensed_Mach_Sensed_T45,-0.00993586167435803,-0.09716678035469845,-0.0843868314798033,0.09716678035469845
diff_Sensed_Pamb_Sensed_T45,0.009926753663808548,0.09716521676401269,0.08439696803654645,0.09716521676401269
diff_Sensed_Pt2_Sensed_T45,0.009918124144284076,0.0971444444241576,0.084419299052363,0.0971444444241576
diff_Sensed_VAFN_Sensed_T5,0.007260972448467795,0.09663054472113339,0.04817202705171127,0.09663054472113339
poly_Sensed_T45_Sensed_P25,-0.00982260442831941,-0.0966097608272943,-0.08355839873942349,0.0966097608272943
diff_Sensed_T45_Sensed_P25,-0.0098228942639671,-0.09660691624150147,-0.08353590991875187,0.09660691624150147
sum_Sensed_WFuel_Sensed_T45,-0.00978277127642031,-0.09655838672416922,-0.08391071197591737,0.09655838672416922
poly_Sensed_Ps3_Sensed_T45,-0.009943050767219786,-0.09641614629096258,-0.08924961166941311,0.09641614629096258
ratio_squared_Sensed_Mach_Sensed_T3,0.011977011857077984,0.09566004323321818,-0.07193304833409996,0.09566004323321818
diff_Sensed_VAFN_Sensed_Ps3,0.004817739795647223,0.05375161787167318,-0.09527651125933437,0.09527651125933437
tri_sum_ratio_Sensed_Altitude_Sensed_T45_Sensed_P25,0.02356263520611432,0.055981238021542326,0.09489215100179288,0.09489215100179288
tri_mean_ratio_Sensed_Altitude_Sensed_T45_Sensed_P25,0.02356263520611432,0.055981238021542326,0.09489215100179288,0.09489215100179288
sum_Sensed_TAT_Sensed_T45,-0.010271647447243964,-0.0948830634607557,-0.07874198810846933,0.0948830634607557
temp_press_ratio_Sensed_T45_Sensed_Pt2,-0.0073524681009408295,-0.09426425164861063,-0.09445190525448087,0.09445190525448087
ratio_inv_Sensed_Pt2_Sensed_T45,-0.0073524681009408295,-0.09426425164861063,-0.09445190525448087,0.09445190525448087
temp_press_product_Sensed_T45_Sensed_Pt2,-0.011649011943390512,-0.09421780937200491,-0.0708550052991027,0.09421780937200491
product_Sensed_Pt2_Sensed_T45,-0.011649011943390512,-0.09421780937200491,-0.0708550052991027,0.09421780937200491
sum_Sensed_Ps3_Sensed_T45,-0.008981852338903085,-0.09411073057337682,-0.07209112015515848,0.09411073057337682
tri_ratio_sum_Sensed_Mach_Sensed_T3_Sensed_P25,0.010558433054623128,0.09391137279602488,-0.06632927311693411,0.09391137279602488
ratio_squared_Sensed_Fan_Speed_Sensed_Core_Speed,0.013157753881176074,0.0390948701095854,-0.09371749714739294,0.09371749714739294
tri_prod_ratio_Sensed_Mach_Sensed_Core_Speed_Sensed_T3,0.004985426779680184,0.09341895342043889,-0.0366139808656403,0.09341895342043889
tri_ratio_diff_Sensed_Mach_Sensed_Pamb_Sensed_T3,0.01062794479697255,0.09337219522503211,-0.0691511780728773,0.09337219522503211
ratio_inv_Sensed_Mach_Sensed_T45,-0.005940152161609833,-0.09333905999213632,-0.0769084001432129,0.09333905999213632
norm_mach_Sensed_T45,-0.005940152161609833,-0.09333905999213632,-0.0769084001432129,0.09333905999213632
tri_ratio_sum_Sensed_Mach_Sensed_WFuel_Sensed_T3,0.010565407405538659,0.09314176113125973,-0.06892096015514457,0.09314176113125973
quad_sum_ratio_Sensed_Pamb_Sensed_VAFN_Sensed_Core_Speed_Sensed_T45,0.02064478237478161,0.09312947915261378,-0.06809180807541716,0.09312947915261378
ratio_Sensed_Mach_Sensed_T3,0.010565467895472169,0.09311615931212414,-0.06900483851783851,0.09311615931212414
tri_ratio_diff_Sensed_Mach_Sensed_WFuel_Sensed_T3,0.010565553616167785,0.09309055549608011,-0.06908881313643707,0.09309055549608011
interact_mach_squared_Sensed_Ps3,-0.0015393069502222002,0.031160781631367714,0.09303639644195857,0.09303639644195857
tri_weighted_Sensed_WFuel_Sensed_Fan_Speed_Sensed_Core_Speed,0.014640541748159283,0.0353837585656641,-0.09292569918289229,0.09292569918289229
tri_ratio_sum_Sensed_Mach_Sensed_Pamb_Sensed_T3,0.010503251721029366,0.09286068911533804,-0.06885866580402113,0.09286068911533804
product_Sensed_VAFN_Sensed_T45,-0.009043248485464736,-0.0886126129619732,-0.09272652127067166,0.09272652127067166
tri_weighted_Sensed_Pamb_Sensed_Fan_Speed_Sensed_Core_Speed,0.013091229244881333,0.037315464351082295,-0.09263112493399761,0.09263112493399761
harmonic_mean_Sensed_VAFN_Sensed_T3,-0.013606565447527124,-0.09247793627580489,0.0522357044675521,0.09247793627580489
tri_sum_prod_Sensed_Pamb_Sensed_Core_Speed_Sensed_T45,-0.010539974157650098,-0.09236759411077332,-0.05929444483758961,0.09236759411077332
tri_sum_prod_Sensed_Mach_Sensed_Core_Speed_Sensed_T45,-0.010539909602694741,-0.09236708004806278,-0.05928939288241819,0.09236708004806278
product_Sensed_Core_Speed_Sensed_T45,-0.010539831409830584,-0.09236706714346252,-0.059288668942536274,0.09236706714346252
tri_ratio_diff_Sensed_Mach_Sensed_T3_Sensed_P25,0.010571835317963704,0.09230230345224438,-0.07171312772690866,0.09230230345224438
sum_Sensed_Fan_Speed_Sensed_T45,-0.010514516055246323,-0.09229248690349912,-0.0706066789536386,0.09229248690349912
tri_mean_ratio_Sensed_WFuel_Sensed_Fan_Speed_Sensed_Core_Speed,0.013857287110143834,0.036167191775549015,-0.09227152561450468,0.09227152561450468
tri_sum_ratio_Sensed_WFuel_Sensed_Fan_Speed_Sensed_Core_Speed,0.013857287110143834,0.036167191775549015,-0.09227152561450468,0.09227152561450468
tri_sum_prod_Sensed_Fan_Speed_Sensed_Core_Speed_Sensed_T45,-0.010505646919288354,-0.09225280375572337,-0.06005877576131027,0.09225280375572337
sum_Sensed_Fan_Speed_Sensed_Ps3,-0.0016286634699014995,0.006547486601038141,0.0921062948458635,0.0921062948458635
tri_ratio_diff_Sensed_Fan_Speed_Sensed_Core_Speed_Sensed_P25,0.012905897794635739,0.036273297090240506,-0.09201249393202698,0.09201249393202698
tri_sum_prod_Sensed_Mach_Sensed_Pamb_Sensed_T45,-0.010967259509337916,-0.09200724242833934,-0.07715164630091696,0.09200724242833934
tri_sum_prod_Sensed_WFuel_Sensed_Core_Speed_Sensed_T45,-0.010419538314565761,-0.09193129039466344,-0.05905447875832215,0.09193129039466344
tri_sum_ratio_Sensed_Pamb_Sensed_Fan_Speed_Sensed_Core_Speed,0.013042038477324332,0.03703419809301516,-0.0918649467142941,0.0918649467142941
tri_mean_ratio_Sensed_Pamb_Sensed_Fan_Speed_Sensed_Core_Speed,0.013042038477324332,0.03703419809301516,-0.0918649467142941,0.0918649467142941
product_Sensed_Pamb_Sensed_T45,-0.010739655719230959,-0.09180025120060653,-0.07633383117081231,0.09180025120060653
temp_press_product_Sensed_T45_Sensed_Pamb,-0.010739655719230959,-0.09180025120060653,-0.07633383117081231,0.09180025120060653
quad_diff_ratio_Sensed_VAFN_Sensed_Fan_Speed_Sensed_Core_Speed_Sensed_T45,0.01547466760542495,0.020869653726407655,-0.09174654802666805,0.09174654802666805
interact_alt_squared_Sensed_T5,-0.0033818744212473313,-0.0914789846350139,-0.07991096988356593,0.0914789846350139
tri_weighted_Sensed_Mach_Sensed_Fan_Speed_Sensed_Core_Speed,0.012979886091391755,0.03678972110444904,-0.09123359259125405,0.09123359259125405
tri_mean_ratio_Sensed_Mach_Sensed_Fan_Speed_Sensed_Core_Speed,0.012986012618425793,0.036770658880717316,-0.09116468845003742,0.09116468845003742
tri_sum_ratio_Sensed_Mach_Sensed_Fan_Speed_Sensed_Core_Speed,0.012986012618425793,0.036770658880717316,-0.09116468845003742,0.09116468845003742
ratio_Sensed_Fan_Speed_Sensed_Core_Speed,0.012992117175726174,0.03675153104438451,-0.0910956196134458,0.0910956196134458
tri_diff_ratio_Sensed_Mach_Sensed_Fan_Speed_Sensed_Core_Speed,-0.012998199725370979,-0.03673233767725862,0.09102638639676666,0.09102638639676666
ratio_squared_Sensed_VAFN_Sensed_T25,0.023797564209561892,0.09072464930780229,0.005358503692073413,0.09072464930780229
tri_sum_prod_Sensed_Pamb_Sensed_Fan_Speed_Sensed_T45,-0.01007771845141508,-0.09057492956158121,-0.06851192265805539,0.09057492956158121
tri_sum_prod_Sensed_Mach_Sensed_Fan_Speed_Sensed_T45,-0.01007515830666333,-0.09056002829788296,-0.06848106354308008,0.09056002829788296
product_Sensed_Fan_Speed_Sensed_T45,-0.01007411669222457,-0.09055919590016595,-0.06847573717750695,0.09055919590016595
poly_cross_Sensed_T45_Sensed_T5,-0.007464181751168463,-0.09046182192760502,-0.07699771292843478,0.09046182192760502
harmonic_mean_Sensed_T45_Sensed_T5,-0.0074641817509021255,-0.09046182192612431,-0.07699771292750282,0.09046182192612431
tri_weighted_Sensed_Mach_Sensed_WFuel_Sensed_T3,0.01562115377909965,0.031170513625533285,-0.09044880943666632,0.09044880943666632
tri_diff_ratio_Sensed_Pamb_Sensed_Fan_Speed_Sensed_Core_Speed,-0.01294148857317011,-0.036467555344902536,0.0903233848451558,0.0903233848451558
quad_ratio_Sensed_Pamb_Sensed_Core_Speed_Sensed_Ps3_Sensed_T45,0.01046752161618081,0.09020794503454746,-0.003941260358502736,0.09020794503454746
tri_ratio_sum_Sensed_Fan_Speed_Sensed_Core_Speed_Sensed_P25,0.013078171908400552,0.037229261399119855,-0.09017752845995056,0.09017752845995056
geometric_mean_Sensed_T45_Sensed_T5,-0.00751915013893474,-0.090117030254388,-0.07706820928850075,0.090117030254388
interact_alt_mach_Sensed_T45,-0.010838480308431552,-0.09006103361806453,-0.08414602343882469,0.09006103361806453
tri_harmonic_Sensed_Altitude_Sensed_Fan_Speed_Sensed_T3,-0.017501833826286332,-0.09004405732388779,0.06690079090293347,0.09004405732388779
tri_prod_ratio_Sensed_Mach_Sensed_Pamb_Sensed_T3,0.0054881988185097085,0.08967617153553636,-0.061852844972614854,0.08967617153553636
sum_Sensed_T45_Sensed_T5,-0.0075610457636011395,-0.08967401962548724,-0.07708235180901798,0.08967401962548724
temp_sum_Sensed_T45_Sensed_T5,-0.0075610457636011395,-0.08967401962548724,-0.07708235180901798,0.08967401962548724
power4_Sensed_Core_Speed,-0.015110257401287632,-0.02122630588399601,0.08960308165451805,0.08960308165451805
ratio_Sensed_VAFN_Sensed_T25,0.021397792340682825,0.08950864732042745,0.007464167016204766,0.08950864732042745
tri_diff_ratio_Sensed_WFuel_Sensed_Fan_Speed_Sensed_Core_Speed,-0.012059620651197731,-0.03712723917736044,0.08941831944562997,0.08941831944562997
sum_Sensed_Core_Speed_Sensed_T3,-0.012283836645363703,-0.043897380270844714,0.08940823539084093,0.08940823539084093
harmonic_mean_Sensed_Fan_Speed_Sensed_T3,-0.01753883178129725,-0.08924783430492247,0.06654478103542855,0.08924783430492247
poly_Sensed_T45_Sensed_T5,-0.00765542730013951,-0.08884755538801992,-0.07713738436887717,0.08884755538801992
tri_harmonic_Sensed_Fan_Speed_Sensed_Core_Speed_Sensed_T3,-0.01784407605776061,-0.08871126503539212,0.06817729378129356,0.08871126503539212
quad_diff_ratio_Sensed_VAFN_Sensed_Fan_Speed_Sensed_Core_Speed_Sensed_Ps3,0.014826539786895144,0.05887470392539906,-0.08843147648708777,0.08843147648708777
norm_altitude_Sensed_T45,-0.011270961007807986,-0.0880701467718256,-0.07450439486826597,0.0880701467718256
ratio_inv_Sensed_Altitude_Sensed_T45,-0.011270961007807986,-0.0880701467718256,-0.07450439486826597,0.0880701467718256
tri_sum_prod_Sensed_Altitude_Sensed_P25_Sensed_T5,-0.004347887815375451,-0.08756895124778766,-0.07550070149552884,0.08756895124778766
tri_ratio_sum_Sensed_Fan_Speed_Sensed_Core_Speed_Sensed_T3,0.012021690857983085,0.06034275564392781,-0.08749164833088356,0.08749164833088356
product_Sensed_Altitude_Sensed_T5,-0.004327731577222934,-0.08747777570823459,-0.07540399946471898,0.08747777570823459
interact_alt_Sensed_T5,-0.004327731577222934,-0.08747777570823459,-0.07540399946471898,0.08747777570823459
tri_sum_prod_Sensed_Altitude_Sensed_Mach_Sensed_T5,-0.004327826650723473,-0.08747750465347075,-0.07540382533997486,0.08747750465347075
tri_sum_prod_Sensed_Altitude_Sensed_Pamb_Sensed_T5,-0.004328216771635,-0.0874751307974784,-0.07540062416243376,0.0874751307974784
ratio_inv_Sensed_Core_Speed_Sensed_T5,-0.004603730022212135,-0.08433714156119315,-0.08730271941227738,0.08730271941227738
ratio_inv_Sensed_TAT_Sensed_T5,-0.0045625650636959975,-0.08717118354064973,-0.08404694095553927,0.08717118354064973
tri_sum_prod_Sensed_Altitude_Sensed_WFuel_Sensed_T5,-0.004221820777951385,-0.08696089198467946,-0.07500242152428141,0.08696089198467946
tri_harmonic_Sensed_Altitude_Sensed_T3_Sensed_T5,-0.006727759062273601,-0.08688776006390155,-0.044002523265442336,0.08688776006390155
interact_mach_Sensed_T45,-0.012459314966933725,-0.08686067164651955,-0.07952047900739298,0.08686067164651955
product_Sensed_Mach_Sensed_T45,-0.012459314966933725,-0.08686067164651955,-0.07952047900739298,0.08686067164651955
tri_sum_prod_Sensed_Altitude_Sensed_Fan_Speed_Sensed_T5,-0.004439027293095622,-0.0868352230733932,-0.0741583709362036,0.0868352230733932
quad_diff_ratio_Sensed_Pamb_Sensed_VAFN_Sensed_Core_Speed_Sensed_T45,-0.014925335323375487,-0.008456976562483308,0.0868287847626611,0.0868287847626611
ratio_inv_Sensed_VAFN_Sensed_T5,-0.005621047684106471,-0.08617423431768975,-0.06373939409094663,0.08617423431768975
tri_sum_prod_Sensed_WFuel_Sensed_Fan_Speed_Sensed_T45,-0.008823147379538057,-0.08610803202634104,-0.06555492830716225,0.08610803202634104
tri_sum_prod_Sensed_Pamb_Sensed_WFuel_Sensed_P25,-0.0017208393078090682,-0.05759534458870782,-0.08554261535980434,0.08554261535980434
sum_Sensed_VAFN_Sensed_T5,-0.002495888751870354,-0.05897897699368726,-0.08531600013469871,0.08531600013469871
sum_Sensed_VAFN_Sensed_Ps3,0.01226962412468981,0.08521020025156363,-0.017396115146755174,0.08521020025156363
ratio_inv_Sensed_Pamb_Sensed_T5,-0.004737065752238492,-0.08518213811586675,-0.07444989174115285,0.08518213811586675
cbrt_Sensed_T3,-0.010187367490127806,-0.08495553219923027,0.046905980344263944,0.08495553219923027
tri_sum_prod_Sensed_Mach_Sensed_Pamb_Sensed_Core_Speed,-0.02241139143503971,-0.027422068846458758,0.08455301544299552,0.08455301544299552
geometric_mean_Sensed_Pamb_Sensed_Core_Speed,-0.020943623226342724,-0.027691253931791993,0.0844031213025764,0.0844031213025764
diff_Sensed_Ps3_Sensed_T5,0.006092118711708599,0.08439328378148667,0.08115421753549511,0.08439328378148667
tri_harmonic_Sensed_Core_Speed_Sensed_T3_Sensed_T5,-0.006159376634199829,-0.08380489294086674,-0.04203510275163752,0.08380489294086674
product_Sensed_Pamb_Sensed_Core_Speed,-0.02087686835063298,-0.026788664930772334,0.0837220955735979,0.0837220955735979
product_Sensed_TAT_Sensed_T45,-0.009863106292384793,-0.083642029751753,-0.059916368987303056,0.083642029751753
ratio_inv_Sensed_Fan_Speed_Sensed_Core_Speed,-0.012386060341761745,-0.030035055237084746,0.08318244060726263,0.08318244060726263
ratio_inv_Sensed_Fan_Speed_Sensed_T5,-0.004623600362417107,-0.08309371551483798,-0.07770514554523851,0.08309371551483798
tri_sum_prod_Sensed_Altitude_Sensed_Core_Speed_Sensed_T5,-0.004992369758832297,-0.08289856752003097,-0.06385020971811606,0.08289856752003097
diff_Sensed_TAT_Sensed_T5,0.00460409995412759,0.08266408082969409,0.0739919329192797,0.08266408082969409
sum_Sensed_P25_Sensed_T5,-0.00526118458526111,-0.08231341470615686,-0.0702605681131604,0.08231341470615686
diff_Sensed_WFuel_Sensed_T5,0.005271667442475713,0.08226576767499294,0.06979064026035707,0.08226576767499294
ratio_inv_Sensed_Pt2_Sensed_T5,-0.003898881161446932,-0.0821340281019472,-0.07738894850464274,0.0821340281019472
ratio_inv_Sensed_VBV_Sensed_P25,-0.003422025710429418,-0.053078357622086264,-0.08203432632785707,0.08203432632785707
sum_Sensed_Pt2_Sensed_T5,-0.005166653404536794,-0.0817615109219772,-0.06936537576124024,0.0817615109219772
sum_Sensed_Pamb_Sensed_T5,-0.005157666391678192,-0.08173793811131179,-0.06938523925590508,0.08173793811131179
diff_Sensed_Mach_Sensed_T5,0.005148504590227429,0.08173658563605668,0.0693955232757752,0.08173658563605668
sum_Sensed_VBV_Sensed_T5,-0.005149882649021864,-0.081736481856959,-0.06939661215916593,0.081736481856959
diff_Sensed_VBV_Sensed_T5,0.005149890745444344,0.08173647230232299,0.06939665694708419,0.08173647230232299
sum_Sensed_Mach_Sensed_T5,-0.005151268730834316,-0.08173636741031703,-0.06939774488273814,0.08173636741031703
diff_Sensed_Pamb_Sensed_T5,0.005142104787287698,0.08173498622196204,0.06940800507993243,0.08173498622196204
diff_Sensed_Pt2_Sensed_T5,0.005133113185432804,0.08171135638232627,0.069427824208036,0.08171135638232627
ratio_inv_Sensed_Mach_Sensed_T5,-0.0030079141120817757,-0.08165061638050655,-0.06655160386394147,0.08165061638050655
norm_mach_Sensed_T5,-0.0030079141120817757,-0.08165061638050655,-0.06655160386394147,0.08165061638050655
interact_alt_mach_Sensed_T5,-0.0063807549425760664,-0.08152537341181326,-0.07310196946723412,0.08152537341181326
sum_Sensed_WFuel_Sensed_T5,-0.005029820793958659,-0.0812144554888479,-0.06900801338616437,0.0812144554888479
diff_Sensed_P25_Sensed_T5,0.005038652957181024,0.08115899083691125,0.06853272792944909,0.08115899083691125
poly_Sensed_P25_Sensed_T5,-0.005035171045573764,-0.0811480082331056,-0.0685582916572652,0.0811480082331056
tri_harmonic_Sensed_Altitude_Sensed_T3_Sensed_T45,-0.00630755634760395,-0.08109746990025882,-0.024990031232448143,0.08109746990025882
diff_Sensed_Fan_Speed_Sensed_T5,0.0038268878812682157,0.08107312215103886,0.07929784377674401,0.08107312215103886
sum_Sensed_TAT_Sensed_T5,-0.0056509393529878766,-0.08041587167466409,-0.06459352965244058,0.08041587167466409
sum_Sensed_Core_Speed_Sensed_T25,-0.010274107297289531,-0.034935858895904295,0.08038117318137211,0.08038117318137211
tri_ratio_diff_Sensed_Altitude_Sensed_Fan_Speed_Sensed_Core_Speed,0.022636939709952432,0.020893886345361407,-0.08034822672332298,0.08034822672332298
tri_sum_prod_Sensed_Fan_Speed_Sensed_P25_Sensed_T5,-0.005672233861770081,-0.08012006385666567,-0.061728540264489096,0.08012006385666567
tri_sum_ratio_Sensed_Altitude_Sensed_Fan_Speed_Sensed_Core_Speed,0.022602993669338142,0.020640132415034415,-0.07995335972796076,0.07995335972796076
tri_mean_ratio_Sensed_Altitude_Sensed_Fan_Speed_Sensed_Core_Speed,0.022602993669338142,0.020640132415034415,-0.07995335972796076,0.07995335972796076
sum_Sensed_Fan_Speed_Sensed_T5,-0.006194468423152683,-0.07948851698888518,-0.057799453514844834,0.07948851698888518
tri_mean_ratio_Sensed_Mach_Sensed_WFuel_Sensed_T3,0.014043310362913055,0.011057561028850128,-0.07946902216969537,0.07946902216969537
tri_sum_ratio_Sensed_Mach_Sensed_WFuel_Sensed_T3,0.014043310362913055,0.011057561028850128,-0.07946902216969537,0.07946902216969537
product_Sensed_Pt2_Sensed_T5,-0.006111341162979386,-0.07933314969661062,-0.06068362486714213,0.07933314969661062
tri_prod_ratio_Sensed_Altitude_Sensed_Mach_Sensed_T3,0.015038584421212196,0.07931754649034461,-0.06591369134952917,0.07931754649034461
geometric_mean_Sensed_Pt2_Sensed_Core_Speed,-0.02194443232269277,-0.04044332812870071,0.0793092388419668,0.0793092388419668
product_Sensed_Fan_Speed_Sensed_T5,-0.005481710088521642,-0.07920909154624953,-0.060719778596861375,0.07920909154624953
tri_sum_prod_Sensed_Mach_Sensed_Fan_Speed_Sensed_T5,-0.005482271814766662,-0.07920904289846623,-0.06072281147492016,0.07920904289846623
tri_sum_prod_Sensed_Pamb_Sensed_Fan_Speed_Sensed_T5,-0.0054820979817202225,-0.07920718060812812,-0.060734451244998364,0.07920718060812812
product_Sensed_Pt2_Sensed_Core_Speed,-0.02190340651419563,-0.03963073040680343,0.07920042362684362,0.07920042362684362
inv_Sensed_T25,0.02166260858788778,0.07917113955045832,0.03011055767240497,0.07917113955045832
ratio_inv_Sensed_VBV_Sensed_T45,-0.003388756007803727,-0.07896981754702811,-0.06949953920612079,0.07896981754702811
sum_Sensed_Ps3_Sensed_T5,-0.004170020057910488,-0.07880114572900031,-0.057156261381497854,0.07880114572900031
tri_sum_prod_Sensed_Core_Speed_Sensed_P25_Sensed_T5,-0.005552609085860302,-0.07848945762000768,-0.05353721732212643,0.07848945762000768
tri_sum_prod_Sensed_Fan_Speed_Sensed_Core_Speed_Sensed_T5,-0.005532567205435014,-0.07848694745157686,-0.05403728704212213,0.07848694745157686
tri_sum_prod_Sensed_Mach_Sensed_Core_Speed_Sensed_T5,-0.0055359365265339675,-0.07840836962754946,-0.053444978389317985,0.07840836962754946
product_Sensed_Core_Speed_Sensed_T5,-0.005535889442074346,-0.07840835517509095,-0.053444508780652794,0.07840835517509095
tri_sum_prod_Sensed_Pamb_Sensed_Core_Speed_Sensed_T5,-0.0055358976103810605,-0.07840831651372619,-0.05344799244711452,0.07840831651372619
tri_weighted_Sensed_Altitude_Sensed_Fan_Speed_Sensed_Core_Speed,0.022371098454263036,0.020024390306033448,-0.07840037199162024,0.07840037199162024
tri_harmonic_Sensed_Pamb_Sensed_WFuel_Sensed_P25,-0.0007261031410329445,-0.06421181026618564,-0.07834464991989154,0.07834464991989154
diff_Sensed_WFuel_Sensed_P25,0.021079833534534933,0.05095910576540116,0.07828744550935002,0.07828744550935002
quad_diff_ratio_Sensed_Pamb_Sensed_Fan_Speed_Sensed_Core_Speed_Sensed_Ps3,-0.014089724427696538,-0.0403343824039057,0.07827633091861912,0.07827633091861912
tri_harmonic_Sensed_Core_Speed_Sensed_T3_Sensed_T45,-0.005843925086100139,-0.07826865611135678,-0.02340058755440553,0.07826865611135678
poly_Sensed_Ps3_Sensed_T5,-0.004544786465613372,-0.07814166460525161,-0.07022173537623343,0.07814166460525161
tri_sum_prod_Sensed_WFuel_Sensed_Core_Speed_Sensed_T5,-0.0054375697352199845,-0.0780119548802953,-0.05321869499784314,0.0780119548802953
poly_Sensed_T3_Sensed_T45,-0.005782779826716156,-0.07772963259945509,-0.05247899768574282,0.07772963259945509
tri_sum_prod_Sensed_Mach_Sensed_Pamb_Sensed_T5,-0.005645237314067123,-0.07763615694944453,-0.06434064455175753,0.07763615694944453
product_Sensed_Pamb_Sensed_T5,-0.005504514941962549,-0.07748014452213163,-0.06381420084667218,0.07748014452213163
tri_diff_ratio_Sensed_Altitude_Sensed_Core_Speed_Sensed_T3,0.023176345022932247,0.019899475443118757,-0.0774593514195539,0.0774593514195539
ratio_squared_Sensed_Altitude_Sensed_Core_Speed,0.02212269754203376,0.020099201274234396,-0.0773117423672712,0.0773117423672712
tri_ratio_diff_Sensed_Altitude_Sensed_Core_Speed_Sensed_P25,0.022113066860450836,0.01925208158176632,-0.07721721386044705,0.07721721386044705
tri_ratio_diff_Sensed_Altitude_Sensed_Core_Speed_Sensed_T45,0.018834424016293982,-0.013175541561882857,-0.07717844482850782,0.07717844482850782
tri_sum_ratio_Sensed_Altitude_Sensed_WFuel_Sensed_Core_Speed,0.022165043145218794,0.019388355925677885,-0.07687890956214188,0.07687890956214188
tri_mean_ratio_Sensed_Altitude_Sensed_WFuel_Sensed_Core_Speed,0.022165043145218794,0.019388355925677885,-0.07687890956214188,0.07687890956214188
tri_ratio_diff_Sensed_Altitude_Sensed_WFuel_Sensed_Core_Speed,0.022161256278618424,0.019389678911415173,-0.07687470187171014,0.07687470187171014
tri_weighted_Sensed_Altitude_Sensed_WFuel_Sensed_Core_Speed,0.02214945298266346,0.01939654556347769,-0.07685457477755711,0.07685457477755711
tri_sum_ratio_Sensed_Altitude_Sensed_Pamb_Sensed_Core_Speed,0.022135231544009846,0.019411673333098425,-0.07685066450289765,0.07685066450289765
tri_mean_ratio_Sensed_Altitude_Sensed_Pamb_Sensed_Core_Speed,0.022135231544009846,0.019411673333098425,-0.07685066450289765,0.07685066450289765
tri_ratio_diff_Sensed_Altitude_Sensed_Pamb_Sensed_Core_Speed,0.022135378404926957,0.019412204455091835,-0.07685050744443203,0.07685050744443203
tri_weighted_Sensed_Altitude_Sensed_Pamb_Sensed_Core_Speed,0.02213453220604458,0.019408189499146453,-0.07684039796003866,0.07684039796003866
tri_ratio_diff_Sensed_Altitude_Sensed_Mach_Sensed_Core_Speed,0.022133356412386163,0.019405155567959867,-0.07683150682902992,0.07683150682902992
tri_mean_ratio_Sensed_Altitude_Sensed_Mach_Sensed_Core_Speed,0.022133365328017518,0.019405127410749744,-0.076831504050028,0.076831504050028
tri_sum_ratio_Sensed_Altitude_Sensed_Mach_Sensed_Core_Speed,0.022133365328017518,0.019405127410749744,-0.076831504050028,0.076831504050028
tri_weighted_Sensed_Altitude_Sensed_Mach_Sensed_Core_Speed,0.022133598886304222,0.019404916407025206,-0.07683081715030408,0.07683081715030408
ratio_Sensed_Altitude_Sensed_Core_Speed,0.02213383243846233,0.01940470539250837,-0.07683013020978648,0.07683013020978648
tri_diff_ratio_Sensed_Altitude_Sensed_Mach_Sensed_Core_Speed,0.022134299524390364,0.019404283331098143,-0.07682875620636805,0.07682875620636805
tri_ratio_sum_Sensed_Altitude_Sensed_Mach_Sensed_Core_Speed,0.02213430840862793,0.019404255202376527,-0.07682875350466084,0.07682875350466084
tri_ratio_sum_Sensed_Altitude_Sensed_Pamb_Sensed_Core_Speed,0.022132285698092086,0.01939721036777869,-0.07680976157526602,0.07680976157526602
tri_diff_ratio_Sensed_Altitude_Sensed_Pamb_Sensed_Core_Speed,0.02213243161481213,0.019397736362178883,-0.0768095910902415,0.0768095910902415
tri_ratio_sum_Sensed_Altitude_Sensed_WFuel_Sensed_Core_Speed,0.0221066342910591,0.019419533773434694,-0.0767856012099743,0.0767856012099743
tri_diff_ratio_Sensed_Altitude_Sensed_WFuel_Sensed_Core_Speed,0.022102500537917843,0.019420935532195573,-0.0767809123569013,0.0767809123569013
interact_mach_Sensed_T5,-0.006981138124515987,-0.07675430465355851,-0.06790743549642034,0.07675430465355851
product_Sensed_Mach_Sensed_T5,-0.006981138124515987,-0.07675430465355851,-0.06790743549642034,0.07675430465355851
product_Sensed_VAFN_Sensed_T5,-0.004632493002588911,-0.07665251632045803,-0.0747498232370351,0.07665251632045803
tri_ratio_sum_Sensed_Altitude_Sensed_Core_Speed_Sensed_P25,0.02215450049817154,0.019556855665740586,-0.07644401234255292,0.07644401234255292
diff_Sensed_Altitude_Sensed_Core_Speed,0.021841273360192717,0.017226339470966544,-0.07617916298221086,0.07617916298221086
tri_harmonic_Sensed_Mach_Sensed_WFuel_Sensed_P25,-0.008614666961906554,-0.061789591383320054,-0.07615641522534405,0.07615641522534405
tri_harmonic_Sensed_Altitude_Sensed_Core_Speed_Sensed_T3,-0.00720774485986537,-0.07599313014365097,0.04131784032851939,0.07599313014365097
interact_mach_squared_Sensed_P25,-0.018524644815939934,-0.042003127541302775,-0.0757473099479003,0.0757473099479003
tri_weighted_Sensed_Mach_Sensed_WFuel_Sensed_T45,0.026702996034822908,0.0755804489050429,0.04308715474300203,0.0755804489050429
tri_ratio_sum_Sensed_Altitude_Sensed_Core_Speed_Sensed_T3,0.021435877365019264,0.028480043453341215,-0.07513504400017014,0.07513504400017014
ratio_inv_Sensed_VBV_Sensed_T5,-0.001448567899177325,-0.07511184375975427,-0.06451213919081672,0.07511184375975427
norm_altitude_Sensed_Core_Speed,-0.02204647606688787,-0.017126172012933268,0.07509925414851118,0.07509925414851118
ratio_inv_Sensed_Altitude_Sensed_Core_Speed,-0.02204647606688787,-0.017126172012933268,0.07509925414851118,0.07509925414851118
ratio_inv_Sensed_Altitude_Sensed_T5,-0.0058237379779208275,-0.07506678041658937,-0.06265400797148858,0.07506678041658937
norm_altitude_Sensed_T5,-0.0058237379779208275,-0.07506678041658937,-0.06265400797148858,0.07506678041658937
tri_harmonic_Sensed_Mach_Sensed_WFuel_Sensed_T5,-0.008325474388496033,-0.06106681457139324,-0.07498243939007637,0.07498243939007637
tri_harmonic_Sensed_Mach_Sensed_WFuel_Sensed_T45,-0.00831942445506598,-0.06103158376660724,-0.07495800535855954,0.07495800535855954
harmonic_mean_Sensed_Mach_Sensed_WFuel,-0.008314990750168547,-0.061005107207494344,-0.07493962124123421,0.07493962124123421
tri_harmonic_Sensed_Altitude_Sensed_Mach_Sensed_WFuel,-0.008314777995557989,-0.061004951021410236,-0.07493940675057204,0.07493940675057204
tri_harmonic_Sensed_Mach_Sensed_WFuel_Sensed_Core_Speed,-0.008314927276315841,-0.06100500070399649,-0.07493843106378305,0.07493843106378305
tri_harmonic_Sensed_Mach_Sensed_WFuel_Sensed_Fan_Speed,-0.008313882435396686,-0.061001382971118435,-0.0749290141233647,0.0749290141233647
tri_harmonic_Sensed_Mach_Sensed_WFuel_Sensed_T3,-0.008315216512808615,-0.06101988694817181,-0.07491365101150449,0.07491365101150449
tri_sum_prod_Sensed_WFuel_Sensed_Fan_Speed_Sensed_T5,-0.004419938817179113,-0.07489853940412472,-0.05786528014858313,0.07489853940412472
product_Sensed_TAT_Sensed_T5,-0.005354651409819804,-0.07473003682660702,-0.05517509393471694,0.07473003682660702
reciprocal_sqrt_Sensed_T25,0.017658907911985905,0.07432956319250322,0.03029119070330324,0.07432956319250322
geometric_mean_Sensed_Pt2_Sensed_T3,-0.010717772734545716,-0.07427553453292342,0.0422024869634187,0.07427553453292342
tri_ratio_sum_Sensed_Altitude_Sensed_Fan_Speed_Sensed_Core_Speed,0.021698144483340464,0.018162268533578097,-0.07385303919986859,0.07385303919986859
tri_sum_prod_Sensed_Pamb_Sensed_Fan_Speed_Sensed_Core_Speed,-0.011921505604100364,-0.022407914055253372,0.07371889394107967,0.07371889394107967
geometric_mean_Sensed_Altitude_Sensed_T3,-0.0018988210608779253,-0.07364613547559799,0.03286949868368299,0.07364613547559799
tri_diff_ratio_Sensed_Altitude_Sensed_Fan_Speed_Sensed_Core_Speed,0.021644101510646906,0.018155583092998397,-0.07364336803327731,0.07364336803327731
product_Sensed_Fan_Speed_Sensed_Core_Speed,-0.011888720497434682,-0.022377206560134498,0.07362881703891898,0.07362881703891898
tri_sum_prod_Sensed_Mach_Sensed_Fan_Speed_Sensed_Core_Speed,-0.011892977790265345,-0.022377716172474728,0.07362665014606538,0.07362665014606538
tri_harmonic_Sensed_Mach_Sensed_Pamb_Sensed_WFuel,-0.008120781002653052,-0.06031804556181861,-0.07330972911696845,0.07330972911696845
tri_sum_prod_Sensed_WFuel_Sensed_Fan_Speed_Sensed_Core_Speed,-0.011612196508353741,-0.022536030330322428,0.07322523141836948,0.07322523141836948
isentropic_eff,0.026801126145694222,0.07135148124014752,-0.07320040191899839,0.07320040191899839
tri_weighted_Sensed_Mach_Sensed_Pamb_Sensed_Core_Speed,0.0007793857046402711,0.02474770007733363,-0.07312768179750956,0.07312768179750956
tri_harmonic_Sensed_T3_Sensed_T45_Sensed_T5,-0.0036117103340026916,-0.07306322848224867,-0.04547225579228592,0.07306322848224867
geometric_mean_Sensed_Fan_Speed_Sensed_Core_Speed,-0.01195321793311679,-0.02282561798436228,0.07299536843038307,0.07299536843038307
sqrt_Sensed_T3,-0.006451693255398841,-0.07296376081012304,0.0376954952884098,0.07296376081012304
geometric_mean_Sensed_WFuel_Sensed_P25,0.00397907681958627,-0.052647911829610566,-0.07284647565544208,0.07284647565544208
tri_diff_ratio_Sensed_Altitude_Sensed_Core_Speed_Sensed_P25,0.02091617644833715,0.018443798537776866,-0.07280406288677761,0.07280406288677761
interact_mach_squared_Sensed_T45,-0.013568109216822798,-0.07264073470606966,-0.07009864756309708,0.07264073470606966
product_Sensed_T25_Sensed_P25,-0.0030029393627950315,-0.06256695965212349,-0.07250385537303533,0.07250385537303533
sum_Sensed_TAT_Sensed_VAFN,0.006768101178815322,0.07191714437965394,-0.04950212823055078,0.07191714437965394
tri_prod_ratio_Sensed_Mach_Sensed_T45_Sensed_T5,0.001065886271651672,0.07178736832329358,0.038117248741714044,0.07178736832329358
tri_ratio_diff_Sensed_Altitude_Sensed_Core_Speed_Sensed_T5,0.01980185563125162,-0.00946679314343018,-0.07135034639860591,0.07135034639860591
diff_Sensed_VAFN_Sensed_P25,0.008802940522079606,0.07113892053310819,-0.05612525081022149,0.07113892053310819
product_Sensed_TAT_Sensed_Core_Speed,-0.011582418694454429,-0.01448668786478071,0.07080205251212358,0.07080205251212358
inv_Sensed_VAFN,-0.008556447440165827,-0.07050932865398898,0.059526287560279,0.07050932865398898
geometric_mean_Sensed_TAT_Sensed_Core_Speed,-0.011695305911785995,-0.015009787883982755,0.07034484999191155,0.07034484999191155
reciprocal_sqrt_Sensed_VAFN,-0.008538918097773233,-0.07029678190109266,0.05938916641434634,0.07029678190109266
tri_diff_ratio_Sensed_Altitude_Sensed_Core_Speed_Sensed_T5,0.025224050216090203,0.021633577339831813,-0.07018215853732658,0.07018215853732658
log10_Sensed_VAFN,0.008519662458277465,0.07008025123184264,-0.0592497969695378,0.07008025123184264
log_Sensed_VAFN,0.00851966245827718,0.07008025123184251,-0.05924979696953786,0.07008025123184251
cbrt_Sensed_VAFN,0.008505856144487813,0.06993367119948218,-0.059155631081813646,0.06993367119948218
sqrt_Sensed_VAFN,0.008498659953905058,0.06985971036083186,-0.05910817137794487,0.06985971036083186
diff_Sensed_WFuel_Sensed_VAFN,-0.008197880773525418,-0.06980241415480601,0.05859714294269405,0.06980241415480601
sum_Sensed_T3_Sensed_T45,-0.0036792844640854763,-0.06975421874334836,-0.0370242938192803,0.06975421874334836
temp_sum_Sensed_T3_Sensed_T45,-0.0036792844640854763,-0.06975421874334836,-0.0370242938192803,0.06975421874334836
geometric_mean_Sensed_Pamb_Sensed_T3,-0.009046271322838102,-0.06974122933050231,0.03920386069376891,0.06974122933050231
tri_diff_ratio_Sensed_Altitude_Sensed_Core_Speed_Sensed_T45,0.024037619872587013,0.017161833769984355,-0.06968948481668223,0.06968948481668223
geometric_mean_Sensed_Core_Speed_Sensed_T3,-0.008993956556134006,-0.06967880919119403,0.05549190100096481,0.06967880919119403
sum_Sensed_Pt2_Sensed_VAFN,0.008435401148743868,0.06966599380927256,-0.05897759894241553,0.06966599380927256
sum_Sensed_Mach_Sensed_VAFN,0.008473506350100392,0.06965288853227888,-0.05898318352588387,0.06965288853227888
diff_Sensed_Pamb_Sensed_VAFN,-0.0085023151324049,-0.06965084072688371,0.0590008052474876,0.06965084072688371
sum_Sensed_VAFN_Sensed_VBV,0.008475906745900975,0.06963514493853923,-0.058964227652696155,0.06963514493853923
diff_Sensed_VAFN_Sensed_VBV,0.008475873779877805,0.069635120337724,-0.05896433561963529,0.069635120337724
sum_Sensed_Pamb_Sensed_VAFN,0.00844943632703527,0.06961915584206793,-0.05892753394287729,0.06961915584206793
diff_Sensed_Mach_Sensed_VAFN,-0.008478272277483863,-0.06961738014170676,0.05894538459033652,0.06961738014170676
diff_Sensed_Pt2_Sensed_VAFN,-0.008516167822074988,-0.06960383398879802,0.05895054804099367,0.06960383398879802
interact_mach_squared_Sensed_T5,-0.00835295805583775,-0.06948346834085192,-0.06406678943432728,0.06948346834085192
sum_Sensed_WFuel_Sensed_VAFN,0.008749028606529121,0.06942736993102452,-0.059297238233604485,0.06942736993102452
tri_prod_ratio_Sensed_Altitude_Sensed_WFuel_Sensed_T3,0.013424370986210214,-0.011802713998487754,-0.0693880531233921,0.0693880531233921
ratio_squared_Sensed_Pamb_Sensed_T25,0.014966831202563504,0.06921617758935633,0.03288375975063299,0.06921617758935633
square_Sensed_VAFN,0.008424969403473849,0.06917375822136597,-0.058669676850713254,0.06917375822136597
ratio_Sensed_WFuel_Sensed_T25,0.008779825989456798,-0.03378163414889448,-0.0690340236193597,0.0690340236193597
sum_Sensed_Core_Speed_Sensed_T45,-0.01757898883477437,-0.06880082318883145,0.04478423445480978,0.06880082318883145
cube_Sensed_VAFN,0.008366743159745898,0.06869590792965312,-0.058365915332039706,0.06869590792965312
ratio_Sensed_Pamb_Sensed_T25,0.01318761921617203,0.06839339822326092,0.03413295136607287,0.06839339822326092
power4_Sensed_VAFN,0.00830106043130732,0.06820135725372163,-0.05805292743389161,0.06820135725372163
tri_sum_ratio_Sensed_Mach_Sensed_Pamb_Sensed_Core_Speed,0.0014164141035614272,0.023490619900229156,-0.06812391973596021,0.06812391973596021
tri_mean_ratio_Sensed_Mach_Sensed_Pamb_Sensed_Core_Speed,0.0014164141035614272,0.023490619900229156,-0.06812391973596021,0.06812391973596021
sum_Sensed_VAFN_Sensed_P25,0.008145555196177818,0.06811107897571517,-0.061809513452390594,0.06811107897571517
quad_ratio_Sensed_Pamb_Sensed_VAFN_Sensed_Fan_Speed_Sensed_Core_Speed,0.007212844713619243,0.03715898976973095,-0.0680906575000495,0.0680906575000495
diff_Sensed_VAFN_Sensed_Fan_Speed,0.010307849901675369,0.06099834153313119,-0.06785317673691321,0.06785317673691321
ratio_squared_Sensed_Altitude_Sensed_T25,0.028948269531117326,0.06663572599366573,0.01691089608477725,0.06663572599366573
tri_ratio_sum_Sensed_Altitude_Sensed_Mach_Sensed_WFuel,0.015220261076114268,0.05861905933876241,0.06639671816839068,0.06639671816839068
tri_ratio_diff_Sensed_Pamb_Sensed_Fan_Speed_Sensed_Core_Speed,0.002586361739779013,0.023519238883059908,-0.06579951262359283,0.06579951262359283
geometric_mean_Sensed_T3_Sensed_T45,-0.0026125699370960574,-0.06570073573127495,-0.02917644976423859,0.06570073573127495
ratio_Sensed_Altitude_Sensed_T25,0.026415899597692683,0.0654988948420341,0.018197957536881047,0.0654988948420341
tri_ratio_diff_Sensed_WFuel_Sensed_T3_Sensed_P25,0.01161518359134944,-0.010958767808096858,-0.06527877322889075,0.06527877322889075
poly_cross_Sensed_T3_Sensed_T5,-0.0016821618717102532,-0.06513072552607876,-0.035300545884667536,0.06513072552607876
harmonic_mean_Sensed_T3_Sensed_T5,-0.0016821618715254583,-0.06513072552470364,-0.0353005458824306,0.06513072552470364
tri_weighted_Sensed_Fan_Speed_Sensed_T3_Sensed_P25,0.014449355258707776,0.020021016670004506,0.06494675195861792,0.06494675195861792
harmonic_mean_Sensed_Altitude_Sensed_VAFN,0.013628461923238725,0.06464425824054187,-0.06137740089192603,0.06464425824054187
geometric_mean_Sensed_Fan_Speed_Sensed_T3,-0.007215879393324229,-0.06452764604878998,0.04309026904745132,0.06452764604878998
diff_Sensed_TAT_Sensed_VAFN,-0.00954873492334398,-0.06421699482915477,0.06431773843704756,0.06431773843704756
sum_Sensed_Core_Speed_Sensed_T5,-0.01590177241589414,-0.06371644172098365,0.05275086638070371,0.06371644172098365
ratio_Sensed_WFuel_Sensed_T3,0.011607584457073532,-0.010921440140965025,-0.06350520483213731,0.06350520483213731
geometric_mean_Sensed_T3_Sensed_T5,-0.001435378160402732,-0.06337498176752474,-0.03225593772751309,0.06337498176752474
tri_sum_prod_Sensed_Altitude_Sensed_T3_Sensed_T45,0.00011288316772774861,-0.06335134001313093,-0.05613781464033642,0.06335134001313093
quad_diff_ratio_Sensed_Pamb_Sensed_VAFN_Sensed_Fan_Speed_Sensed_Ps3,-0.016135240693481635,-0.06324908816252002,0.007094584494586369,0.06324908816252002
tri_ratio_diff_Sensed_Mach_Sensed_Core_Speed_Sensed_T45,0.002625942856737053,-0.009386402614352161,-0.06321395357593418,0.06321395357593418
ratio_inv_Sensed_Pamb_Sensed_Core_Speed,-0.0031897312332736785,-0.020493020034410454,0.06310116272221675,0.06310116272221675
exp_Sensed_VAFN,0.007322416082500977,0.06297234421416262,-0.05484483218871837,0.06297234421416262
harmonic_mean_Sensed_Altitude_Sensed_T3,-0.003018610495595253,-0.06265668427031895,0.029557291312425404,0.06265668427031895
tri_ratio_sum_Sensed_Pamb_Sensed_Fan_Speed_Sensed_T3,0.006650305353466025,0.06263791108070654,-0.04377257561217077,0.06263791108070654
ratio_inv_Sensed_VAFN_Sensed_Fan_Speed,-0.009739301815001022,-0.04357641557280616,0.06253967315906649,0.06253967315906649
harmonic_mean_Sensed_Pt2_Sensed_P25,-0.021834892815207084,-0.06229052955228903,-0.044569545438620586,0.06229052955228903
tri_ratio_sum_Sensed_WFuel_Sensed_T3_Sensed_P25,0.011600211734581874,-0.01088293020747036,-0.06181440959537324,0.06181440959537324
tri_ratio_diff_Sensed_Pamb_Sensed_Core_Speed_Sensed_P25,0.00203481194335141,0.02148413086376029,-0.06178747563373681,0.06178747563373681
harmonic_mean_Sensed_T3_Sensed_T45,-0.0015700229696964055,-0.061731164435611025,-0.02152260959075177,0.061731164435611025
poly_cross_Sensed_T3_Sensed_T45,-0.0015700229692024083,-0.06173116443374609,-0.02152260958650972,0.06173116443374609
temp_sum_Sensed_T3_Sensed_T5,-0.0012062540956692723,-0.06160973873617809,-0.02920078061149114,0.06160973873617809
sum_Sensed_T3_Sensed_T5,-0.0012062540956692723,-0.06160973873617809,-0.02920078061149114,0.06160973873617809
tri_prod_ratio_Sensed_Mach_Sensed_WFuel_Sensed_T3,0.009000557868315578,-0.010236599190662783,-0.06160697421454564,0.06160697421454564
ratio_Sensed_VAFN_Sensed_Fan_Speed,0.010337685823846192,0.04351788619055381,-0.06159895489010582,0.06159895489010582
tri_ratio_diff_Sensed_Pamb_Sensed_WFuel_Sensed_Core_Speed,0.0020973661213210485,0.02165425011415659,-0.061457447210398086,0.061457447210398086
ratio_Sensed_Pamb_Sensed_Core_Speed,0.002065866520236809,0.021675837013076987,-0.061415049279981135,0.061415049279981135
tri_ratio_sum_Sensed_Pamb_Sensed_WFuel_Sensed_Core_Speed,0.002034721021251213,0.021697095363321706,-0.06137255213929792,0.06137255213929792
tri_sum_prod_Sensed_Altitude_Sensed_Fan_Speed_Sensed_Core_Speed,-0.0006792513546026177,-0.026780366420928337,0.061305746721786986,0.061305746721786986
ratio_squared_Sensed_VAFN_Sensed_Fan_Speed,0.010635232097756516,0.04346478242483467,-0.06106700471726858,0.06106700471726858
tri_ratio_sum_Sensed_Pamb_Sensed_Core_Speed_Sensed_P25,0.0020968899990443197,0.02186729866523314,-0.06104288489879359,0.06104288489879359
ratio_squared_Sensed_Mach_Sensed_T25,0.008395262421184891,0.060988843804014016,0.01464905733534516,0.060988843804014016
tri_sum_prod_Sensed_Core_Speed_Sensed_T3_Sensed_T45,-0.002003069664091594,-0.06084669554781341,-0.04077170235049826,0.06084669554781341
ratio_squared_Sensed_TAT_Sensed_VAFN,-0.009324326126942529,-0.027451866056515714,0.06078596426796311,0.06078596426796311
tri_harmonic_Sensed_Pamb_Sensed_P25_Sensed_T5,-0.02162932686107858,-0.053323904720133576,-0.06074166583670893,0.06074166583670893
ratio_Sensed_TAT_Sensed_VAFN,-0.009724706439803011,-0.027712825594896014,0.06070504067534421,0.06070504067534421
geometric_mean_Sensed_Mach_Sensed_T3,-0.010803854800225663,-0.060676904190268784,0.02613724605821964,0.060676904190268784
harmonic_mean_Sensed_TAT_Sensed_T45,-0.0180328228545523,-0.06062435603585034,-0.009089590505194615,0.06062435603585034
ratio_squared_Sensed_Pamb_Sensed_Core_Speed,0.0015350604936457662,0.021978512208289783,-0.06044160705222444,0.06044160705222444
ratio_inv_Sensed_TAT_Sensed_VAFN,0.010520077529513073,0.028192725594117368,-0.060371663746829805,0.060371663746829805
geometric_mean_Sensed_VAFN_Sensed_T3,-0.004930099832615623,-0.06020414606110707,0.026550330921336518,0.06020414606110707
tri_ratio_sum_Sensed_Pamb_Sensed_Core_Speed_Sensed_T3,0.0019273076983092677,0.03187656597476573,-0.06005728146854914,0.06005728146854914
harmonic_mean_Sensed_VAFN_Sensed_Core_Speed,0.0033650757842987895,0.059967027077810035,-0.02777837747073641,0.059967027077810035
tri_ratio_diff_Sensed_Pamb_Sensed_Core_Speed_Sensed_T45,0.007510180766695734,-0.012705943631974215,-0.05983335316102054,0.05983335316102054
tri_harmonic_Sensed_Pamb_Sensed_T45_Sensed_P25,-0.02134482656120306,-0.05185370441640697,-0.059680254636463974,0.059680254636463974
ratio_Sensed_Mach_Sensed_T25,0.006844967830367099,0.05960853592804794,0.01531628379249291,0.05960853592804794
harmonic_mean_Sensed_Core_Speed_Sensed_T3,-0.002654907791290015,-0.05949725219855741,0.028924684954490458,0.05949725219855741
tri_ratio_sum_Sensed_Altitude_Sensed_Fan_Speed_Sensed_T3,0.02270591183475779,0.05919253723089543,-0.05926622151645432,0.05926622151645432
log10_Sensed_T25,-0.0091319495205101,-0.05926505331209774,-0.02769733638026431,0.05926505331209774
log_Sensed_T25,-0.009131949520510212,-0.05926505331209766,-0.027697336380264455,0.05926505331209766
harmonic_mean_Sensed_TAT_Sensed_T3,-0.013417264207809835,-0.03964216608420182,0.05901021354661949,0.05901021354661949
diff_Sensed_TAT_Sensed_P25,-0.006803133134954953,0.0037375938728493943,0.05896201170051919,0.05896201170051919
tri_ratio_diff_Sensed_Mach_Sensed_Core_Speed_Sensed_T5,0.003359875937652767,-0.006464520758529245,-0.05872673268962146,0.05872673268962146
tri_harmonic_Sensed_Altitude_Sensed_Pamb_Sensed_P25,-0.0210845095147231,-0.050578518804703765,-0.058676044003447884,0.058676044003447884
tri_ratio_diff_Sensed_Altitude_Sensed_Core_Speed_Sensed_T3,0.022861577928034768,0.0014614799498641196,-0.05866427479522244,0.05866427479522244
harmonic_mean_Sensed_Pamb_Sensed_P25,-0.02108348445327362,-0.05056174549146822,-0.05865246255533158,0.05865246255533158
tri_harmonic_Sensed_Pamb_Sensed_Core_Speed_Sensed_P25,-0.021087092164961112,-0.050569716046388505,-0.058625320981497434,0.058625320981497434
tri_harmonic_Sensed_Pamb_Sensed_Fan_Speed_Sensed_P25,-0.021098875946639443,-0.05058435524240085,-0.058490760640733185,0.058490760640733185
tri_prod_ratio_Sensed_Pamb_Sensed_WFuel_Sensed_T3,0.010319237199673004,-0.011097800943924516,-0.05840035018499889,0.05840035018499889
poly_Sensed_T3_Sensed_T5,-0.0007288621074247178,-0.05804544471893006,-0.023073561461329037,0.05804544471893006
tri_harmonic_Sensed_Pamb_Sensed_T3_Sensed_P25,-0.021273513726846674,-0.051438843987329556,-0.05802529862771248,0.05802529862771248
diff_Sensed_VAFN_Sensed_T3,-0.00020875951498360718,0.05800016720003597,-0.03000898811983982,0.05800016720003597
tri_ratio_diff_Sensed_Mach_Sensed_Fan_Speed_Sensed_Core_Speed,-0.003863693691043951,0.016774723595588896,-0.0577925437487779,0.0577925437487779
tri_ratio_sum_Sensed_Pamb_Sensed_Fan_Speed_Sensed_Core_Speed,0.0016367870765796703,0.020158428025901082,-0.05777363272151284,0.05777363272151284
sum_Sensed_T25_Sensed_T45,-0.0009156337971071675,-0.057715440569912735,-0.05073950907690156,0.057715440569912735
temp_sum_Sensed_T25_Sensed_T45,-0.0009156337971071675,-0.057715440569912735,-0.05073950907690156,0.057715440569912735
geometric_mean_Sensed_TAT_Sensed_T3,-0.007586716875697128,-0.05729218092266434,0.04559128961322275,0.05729218092266434
tri_prod_ratio_Sensed_WFuel_Sensed_Fan_Speed_Sensed_T3,0.010736272160963749,-0.012176499845871602,-0.057172981682790586,0.057172981682790586
quad_ratio_Sensed_Pamb_Sensed_VAFN_Sensed_Core_Speed_Sensed_Ps3,0.008510318362125976,-0.010090236166208189,-0.057165908993715604,0.057165908993715604
quad_ratio_Sensed_VAFN_Sensed_Fan_Speed_Sensed_Core_Speed_Sensed_Ps3,0.008643190214678614,-0.011260435313193484,-0.05706500003410572,0.05706500003410572
tri_sum_prod_Sensed_Altitude_Sensed_Pamb_Sensed_Core_Speed,0.0007515699197395333,-0.02614959055627309,0.057056580668068915,0.057056580668068915
tri_sum_prod_Sensed_Altitude_Sensed_Mach_Sensed_Core_Speed,0.0007571858211971602,-0.026140189898052408,0.05702842250853332,0.05702842250853332
product_Sensed_Altitude_Sensed_Core_Speed,0.0007580431942849648,-0.02614009327103791,0.05702798250442212,0.05702798250442212
interact_alt_Sensed_Core_Speed,0.0007580431942849648,-0.02614009327103791,0.05702798250442212,0.05702798250442212
tri_sum_prod_Sensed_Altitude_Sensed_WFuel_Sensed_Core_Speed,0.0007908171943251897,-0.026163536883864677,0.056988973236255666,0.056988973236255666
tri_harmonic_Sensed_Pamb_Sensed_WFuel_Sensed_Fan_Speed,0.003799498331883479,-0.045470692230520915,-0.056868885295517556,0.056868885295517556
log10_Sensed_WFuel,0.0043702353101701475,-0.045390571114819915,-0.05685362479602354,0.05685362479602354
log_Sensed_WFuel,0.004370235310170155,-0.045390571114819894,-0.05685362479602353,0.05685362479602353
tri_harmonic_Sensed_Altitude_Sensed_Pamb_Sensed_WFuel,0.0038213226505044427,-0.0453747048825589,-0.05676457339402363,0.05676457339402363
tri_harmonic_Sensed_Pamb_Sensed_WFuel_Sensed_T5,0.00381864229160549,-0.04538975456018812,-0.0567632120739394,0.0567632120739394
tri_harmonic_Sensed_Pamb_Sensed_WFuel_Sensed_Core_Speed,0.0038215440690814585,-0.04537321090012241,-0.056762161692659296,0.056762161692659296
tri_harmonic_Sensed_Pamb_Sensed_WFuel_Sensed_T45,0.0038207435127815244,-0.045377419677791665,-0.0567597816048309,0.0567597816048309
harmonic_mean_Sensed_Pamb_Sensed_WFuel,0.003823625412556269,-0.04536396629544809,-0.056752428211439804,0.056752428211439804
tri_harmonic_Sensed_Pamb_Sensed_WFuel_Sensed_T3,0.003824803461699558,-0.04536274988576043,-0.05672187140792018,0.05672187140792018
sum_Sensed_Altitude_Sensed_Core_Speed,0.0009124171200839883,-0.02572083106132849,0.056519086926379344,0.056519086926379344
geometric_mean_Sensed_Altitude_Sensed_Core_Speed,0.0010691182681218875,-0.026336469571050278,0.056509680015139035,0.056509680015139035
harmonic_mean_Sensed_Altitude_Sensed_Core_Speed,0.0012199326639098212,-0.02689687351525298,0.0564261287858955,0.0564261287858955
ratio_squared_Sensed_Mach_Sensed_Core_Speed,-0.0045848870874320114,0.016817493783569278,-0.05634593666998759,0.05634593666998759
sum_Sensed_VAFN_Sensed_Fan_Speed,0.003513081636823177,0.05596072629206279,-0.028850153013532456,0.05596072629206279
tri_ratio_diff_Sensed_Mach_Sensed_Core_Speed_Sensed_P25,-0.004193744340312221,0.015669550215074397,-0.05578900095969251,0.05578900095969251
tri_ratio_diff_Sensed_Mach_Sensed_WFuel_Sensed_Core_Speed,-0.004159126155815008,0.015774717777651496,-0.05558710205513628,0.05558710205513628
tri_ratio_diff_Sensed_Mach_Sensed_Pamb_Sensed_Core_Speed,-0.0041779324698428275,0.015792282318691744,-0.0555723642811985,0.0555723642811985
ratio_Sensed_Mach_Sensed_Core_Speed,-0.004178396153669172,0.015787945380344857,-0.05556082587264518,0.05556082587264518
tri_ratio_sum_Sensed_Mach_Sensed_Pamb_Sensed_Core_Speed,-0.004178859505373907,0.015783610594524336,-0.05554929227881751,0.05554929227881751
tri_ratio_sum_Sensed_Mach_Sensed_Core_Speed_Sensed_T3,-0.00411852175565004,0.022686075101320514,-0.05554017914992849,0.05554017914992849
tri_ratio_sum_Sensed_Mach_Sensed_WFuel_Sensed_Core_Speed,-0.004197429044832604,0.015801027653622086,-0.055534618860690686,0.055534618860690686
tri_ratio_sum_Sensed_Mach_Sensed_Core_Speed_Sensed_P25,-0.0041630623708299955,0.01590617565543717,-0.055332923270114756,0.055332923270114756
ratio_squared_Sensed_Pt2_Sensed_T25,0.010853641619712457,0.055311067153712555,0.04279969777542568,0.055311067153712555
product_Sensed_VAFN_Sensed_Core_Speed,-0.009778531704081928,0.016199269440962567,0.055259060188373864,0.055259060188373864
tri_sum_prod_Sensed_Altitude_Sensed_T45_Sensed_T5,0.0019471589392915864,-0.05525365900805394,-0.05028505759102678,0.05525365900805394
geometric_mean_Sensed_VAFN_Sensed_Core_Speed,-0.009680995950774134,0.01594429242675101,0.0552465600363648,0.0552465600363648
harmonic_mean_Sensed_Fan_Speed_Sensed_T25,-0.008996354184357576,-0.055164286028671426,-0.019330055176158517,0.055164286028671426
ratio_Sensed_Pt2_Sensed_T25,0.00917832593990663,0.05470370794753732,0.04347432134522737,0.05470370794753732
tri_ratio_diff_Sensed_Fan_Speed_Sensed_Core_Speed_Sensed_T45,0.009952791263450448,-0.018151021162967552,-0.0545925240127674,0.0545925240127674
quad_diff_ratio_Sensed_Pamb_Sensed_Fan_Speed_Sensed_Core_Speed_Sensed_T45,-0.009955454660737958,0.01816000503851925,0.05452947688313163,0.05452947688313163
tri_ratio_diff_Sensed_Pamb_Sensed_Core_Speed_Sensed_T5,0.008343355498081186,-0.009287828500771523,-0.0544260373467947,0.0544260373467947
tri_ratio_sum_Sensed_Mach_Sensed_Fan_Speed_Sensed_Core_Speed,-0.00444110001668803,0.014962191048586303,-0.05367175564240783,0.05367175564240783
norm_mach_Sensed_Core_Speed,0.003119228988499478,-0.013417524529504513,0.05358462012718997,0.05358462012718997
ratio_inv_Sensed_Mach_Sensed_Core_Speed,0.003119228988499478,-0.013417524529504513,0.05358462012718997,0.05358462012718997
tri_diff_ratio_Sensed_Mach_Sensed_Pamb_Sensed_Core_Speed,-0.002685342849371799,-0.019350672558006033,0.053224526694901485,0.053224526694901485
tri_sum_prod_Sensed_Altitude_Sensed_T3_Sensed_T5,0.002454390135196706,-0.0532014932827473,-0.0469108802094178,0.0532014932827473
tri_prod_ratio_Sensed_T3_Sensed_T45_Sensed_T5,0.004117127225532656,-0.023535909646109913,0.05295327897678187,0.05295327897678187
tri_sum_prod_Sensed_Core_Speed_Sensed_T45_Sensed_T5,0.0008129202456974788,-0.05267665462385303,-0.040040778353067755,0.05267665462385303
tri_prod_ratio_Sensed_Altitude_Sensed_Mach_Sensed_Core_Speed,0.003130048493279787,0.010938752376421711,-0.052332399907152986,0.052332399907152986
ratio_Sensed_Altitude_Sensed_Ps3,0.00884526529495017,-0.0171404664946611,-0.05183484027211886,0.05183484027211886
quad_ratio_Sensed_Pamb_Sensed_VAFN_Sensed_Fan_Speed_Sensed_Ps3,0.00818378855078207,-0.011110560722790761,-0.05130717169208294,0.05130717169208294
product_Sensed_Pt2_Sensed_TAT,-0.015463556222393784,-0.018733169230250292,0.05117387684114649,0.05117387684114649
ratio_Sensed_VAFN_Sensed_Ps3,0.008298857364773368,-0.012305621062116018,-0.051141335830455666,0.051141335830455666
geometric_mean_Sensed_Pt2_Sensed_TAT,-0.015636139309207348,-0.018805952705204826,0.05103038891491967,0.05103038891491967
tri_prod_ratio_Sensed_WFuel_Sensed_Core_Speed_Sensed_T3,0.010379753262577047,-0.014148248512363154,-0.05094306394728325,0.05094306394728325
tri_ratio_sum_Sensed_Pamb_Sensed_Core_Speed_Sensed_T45,0.006152822868414656,0.05081421440793129,-0.024524604027634383,0.05081421440793129
tri_sum_prod_Sensed_Core_Speed_Sensed_T3_Sensed_T5,0.001256501719899313,-0.0507237042613933,-0.036692100507904,0.0507237042613933
meta_ratio_T3T5_Ps3P25,0.006650024934712088,0.005587607798214649,-0.05036065726148839,0.05036065726148839
tri_prod_ratio_Sensed_Altitude_Sensed_Fan_Speed_Sensed_Core_Speed,0.01824604992714779,0.011104535603469804,-0.05026735287626691,0.05026735287626691
quad_ratio_Sensed_Pamb_Sensed_Fan_Speed_Sensed_Core_Speed_Sensed_Ps3,0.007571629714962349,-0.014789523635571738,-0.05022581450599614,0.05022581450599614
meta_ratio_T3T45_Ps3P25,0.005057109060795064,-0.019560214965062824,-0.04995314481718691,0.04995314481718691
tri_ratio_sum_Sensed_Mach_Sensed_Fan_Speed_Sensed_T3,0.00017070030589027467,0.04967032358255013,-0.0487503953960857,0.04967032358255013
tri_ratio_sum_Sensed_Altitude_Sensed_Core_Speed_Sensed_T5,0.024391520566807642,0.0428029341215283,-0.04958183937846574,0.04958183937846574
sum_Sensed_Altitude_Sensed_T45,0.009623072327927766,-0.045485888832739546,-0.04953279762194965,0.04953279762194965
sum_Sensed_T25_Sensed_T5,0.0015366963314254476,-0.04950146693681306,-0.04279038290875983,0.04950146693681306
temp_sum_Sensed_T25_Sensed_T5,0.0015366963314254476,-0.04950146693681306,-0.04279038290875983,0.04950146693681306
ratio_inv_Sensed_Pamb_Sensed_VAFN,0.015439818041274679,0.04661482402050954,-0.049348058099478606,0.049348058099478606
ratio_squared_Sensed_Pt2_Sensed_VAFN,-0.01591040268795968,-0.049218325115992494,0.0448510520105847,0.049218325115992494
product_Sensed_Pamb_Sensed_TAT,-0.013491388262016266,-0.005708354810709873,0.04911338189862789,0.04911338189862789
geometric_mean_Sensed_Pamb_Sensed_TAT,-0.013628586149071965,-0.005716217229425821,0.049030295662963304,0.049030295662963304
tri_ratio_diff_Sensed_Fan_Speed_Sensed_Core_Speed_Sensed_T5,0.011011329093837667,-0.014356288265196165,-0.04878406084634504,0.04878406084634504
diff_Sensed_TAT_Sensed_WFuel,-0.009292575791377482,-0.002505509775759661,0.04877747563881599,0.04877747563881599
ratio_Sensed_Pt2_Sensed_VAFN,-0.015649263899227505,-0.04875030262277619,0.044190967235571185,0.04875030262277619
ratio_Sensed_Pamb_Sensed_VAFN,-0.015843192553226332,-0.046033987652924935,0.048596562941235516,0.048596562941235516
harmonic_mean_Sensed_Pt2_Sensed_WFuel,0.005333554255318781,-0.03845249620276857,-0.04854432930575672,0.04854432930575672
product_Sensed_Ps3_Sensed_P25,-0.00018324858574559396,-0.02047272222373571,0.04845470252732523,0.04845470252732523
press_product_Sensed_Ps3_Sensed_P25,-0.00018324858574559396,-0.02047272222373571,0.04845470252732523,0.04845470252732523
geometric_mean_Sensed_Ps3_Sensed_P25,-0.0013732731370085043,-0.018917344588675056,0.04833767098712896,0.04833767098712896
harmonic_mean_Sensed_TAT_Sensed_Core_Speed,-0.00831598666193122,-0.003752813070374717,0.048318318276307906,0.048318318276307906
tri_harmonic_Sensed_WFuel_Sensed_Fan_Speed_Sensed_P25,0.005630450646362714,-0.03728634921876844,-0.04824159329627664,0.04824159329627664
ratio_squared_Sensed_Pamb_Sensed_VAFN,-0.016032981597918508,-0.045703829807160985,0.048174002036127095,0.048174002036127095
tri_harmonic_Sensed_Altitude_Sensed_WFuel_Sensed_P25,0.0056576890995800305,-0.03715890253271547,-0.048097649810279336,0.048097649810279336
tri_harmonic_Sensed_WFuel_Sensed_Core_Speed_Sensed_P25,0.00565800316803332,-0.03715701956651714,-0.048094910403528535,0.048094910403528535
tri_harmonic_Sensed_WFuel_Sensed_P25_Sensed_T5,0.0056560296227518335,-0.03716745811439133,-0.04809233828155971,0.04809233828155971
tri_harmonic_Sensed_WFuel_Sensed_T45_Sensed_P25,0.005657459827938645,-0.03715933612124926,-0.04809162780394718,0.04809162780394718
harmonic_mean_Sensed_WFuel_Sensed_P25,0.005660603141523756,-0.03714479033299162,-0.04808134556701299,0.04808134556701299
power4_Sensed_TAT,-0.007364552454770966,-0.0025308898882497564,0.04806407160244175,0.04806407160244175
tri_harmonic_Sensed_WFuel_Sensed_T3_Sensed_P25,0.005660697237462613,-0.03714722591820785,-0.04806115032879114,0.04806115032879114
inv_Sensed_Ps3,0.007910395430428515,-0.01590326803430228,-0.04802177189084175,0.04802177189084175
ratio_Sensed_Mach_Sensed_Ps3,0.006289174883458521,-0.015547936575800857,-0.04800744782679972,0.04800744782679972
cube_Sensed_TAT,-0.007628950715512284,-0.0027908818243107605,0.04789891861353521,0.04789891861353521
tri_ratio_sum_Sensed_Pamb_Sensed_Core_Speed_Sensed_T5,0.005129805906165992,0.047810610927389606,-0.031461904281095174,0.047810610927389606
sum_Sensed_Pt2_Sensed_TAT,-0.00839722648419713,-0.003682547430583879,0.047751183864819774,0.047751183864819774
square_Sensed_TAT,-0.007902606438084967,-0.0030492409456749636,0.047699634446049397,0.047699634446049397
harmonic_mean_Sensed_TAT_Sensed_Fan_Speed,-0.008224447795300871,-0.0047770902598058065,0.047627427774677406,0.047627427774677406
sum_Sensed_Pamb_Sensed_TAT,-0.008290917215688068,-0.003349258258373882,0.04759455598649439,0.04759455598649439
ratio_inv_Sensed_Pt2_Sensed_VAFN,0.014972980724930536,0.047585397103005606,-0.04267012597973365,0.047585397103005606
diff_Sensed_Mach_Sensed_TAT,0.00816885640490307,0.0033066248399112805,-0.047491432865875254,0.047491432865875254
sum_Sensed_TAT_Sensed_VBV,-0.008185577156128193,-0.00330577630823976,0.047465210474718134,0.047465210474718134
diff_Sensed_TAT_Sensed_VBV,-0.008185685157514546,-0.00330566889510402,0.04746458231221863,0.04746458231221863
sum_Sensed_Mach_Sensed_TAT,-0.008202378825641992,-0.003304812857795516,0.04743825822376236,0.04743825822376236
product_Sensed_TAT_Sensed_Fan_Speed,-0.007850927765360657,-0.0069624109114057205,0.047417107062931896,0.047417107062931896
sqrt_Sensed_TAT,-0.00833068338181694,-0.0034331800010129337,0.0473338150112364,0.0473338150112364
diff_Sensed_Pamb_Sensed_TAT,0.008079805807606331,0.0032619691168096626,-0.04733212798529318,0.04733212798529318
cbrt_Sensed_TAT,-0.008379560446589803,-0.00347554165745996,0.04728804833868479,0.04728804833868479
tri_ratio_diff_Sensed_Mach_Sensed_Core_Speed_Sensed_T3,0.003735508588639813,0.0023768765758779868,-0.04728431848474991,0.04728431848474991
harmonic_mean_Sensed_Altitude_Sensed_TAT,-0.007947229775143,-0.0033906498652154678,0.04722418663955094,0.04722418663955094
log10_Sensed_TAT,-0.008478105233267228,-0.003560071309940866,0.047193368307563,0.047193368307563
log_Sensed_TAT,-0.00847810523326726,-0.0035600713099409077,0.04719336830756291,0.04719336830756291
diff_Sensed_Pt2_Sensed_TAT,0.007971766503919807,0.002926920520177595,-0.04716887474610529,0.04716887474610529
reciprocal_sqrt_Sensed_TAT,0.008627900883134244,0.003686362670948337,-0.047043388032867124,0.047043388032867124
geometric_mean_Sensed_TAT_Sensed_Fan_Speed,-0.00808291174113033,-0.0071382436729371355,0.04701644992103038,0.04701644992103038
inv_Sensed_TAT,0.00878007181627037,0.0038120194182202985,-0.04688370576938934,0.04688370576938934
tri_prod_ratio_Sensed_Mach_Sensed_Pamb_Sensed_Core_Speed,-0.009819339189887337,0.012908024763285092,-0.0468716842495589,0.0468716842495589
harmonic_mean_Sensed_Fan_Speed_Sensed_Core_Speed,-0.007822221213641732,-0.013600686376153664,0.04654618486647082,0.04654618486647082
diff_Sensed_Fan_Speed_Sensed_P25,-0.006617128311362444,-0.009291597529468808,0.04641483918008529,0.04641483918008529
ratio_inv_Sensed_VAFN_Sensed_T3,0.0021793066033019117,-0.0461950897441292,0.018769469664560022,0.0461950897441292
exp_Sensed_Fan_Speed,-0.005492200962689416,-0.01158615714003619,0.0461715824351705,0.0461715824351705
norm_altitude_Sensed_TAT,-0.015151626137973329,-0.0003103482778581794,0.0461518950751409,0.0461518950751409
ratio_inv_Sensed_Altitude_Sensed_TAT,-0.015151626137973329,-0.0003103482778581794,0.0461518950751409,0.0461518950751409
ratio_Sensed_Altitude_Sensed_TAT,0.015658322321041446,0.00045546257009577984,-0.04609763517800213,0.04609763517800213
ratio_squared_Sensed_Altitude_Sensed_TAT,0.015938503577225052,0.0005360216155840224,-0.04599697085232146,0.04599697085232146
tri_prod_ratio_Sensed_WFuel_Sensed_P25_Sensed_T5,0.018321826064545594,0.023515243831834304,-0.04596443994581292,0.04596443994581292
product_Sensed_Pt2_Sensed_Fan_Speed,-0.01595412889327691,-0.02713002688392444,0.04586481968358138,0.04586481968358138
tri_ratio_sum_Sensed_Altitude_Sensed_Core_Speed_Sensed_T45,0.025296227430870875,0.045765803025120705,-0.04342492372713629,0.045765803025120705
sum_Sensed_TAT_Sensed_WFuel,-0.007005976076219019,-0.004069562085087779,0.045702004320180185,0.045702004320180185
geometric_mean_Sensed_Pt2_Sensed_Fan_Speed,-0.016038035829881083,-0.0271248193308742,0.04563472941688098,0.04563472941688098
harmonic_mean_Sensed_TAT_Sensed_VAFN,-0.007992313805373418,-0.00023697740244605844,0.045352733999625874,0.045352733999625874
tri_diff_ratio_Sensed_Fan_Speed_Sensed_T45_Sensed_P25,-0.0032947789555489515,0.04387538072506938,0.04513471151328537,0.04513471151328537
tri_harmonic_Sensed_Altitude_Sensed_Fan_Speed_Sensed_Core_Speed,-0.0065309299916575594,-0.013894350180101211,0.0449754955776228,0.0449754955776228
harmonic_mean_Sensed_WFuel_Sensed_Ps3,0.006136151306227934,-0.03470522191035109,-0.044959549955413416,0.044959549955413416
tri_diff_ratio_Sensed_Mach_Sensed_WFuel_Sensed_T3,-0.008673023054924813,0.03137697265940955,0.044926823917838254,0.044926823917838254
sum_Sensed_TAT_Sensed_Fan_Speed,-0.0076526944750662275,-0.009835317521168906,0.044868347094876124,0.044868347094876124
press_ratio_Sensed_Pamb_Sensed_Ps3,0.007289347265142325,-0.015553560690492147,-0.04480849316123466,0.04480849316123466
ratio_Sensed_Pamb_Sensed_Ps3,0.007289347265142325,-0.015553560690492147,-0.04480849316123466,0.04480849316123466
interact_alt_squared_Sensed_T3,0.006684278433251619,-0.04478767746519058,0.010860746554132217,0.04478767746519058
interact_alt_Sensed_VAFN,0.017617214381743115,0.03329456701873644,-0.04467942566187282,0.04467942566187282
product_Sensed_Altitude_Sensed_VAFN,0.017617214381743115,0.03329456701873644,-0.04467942566187282,0.04467942566187282
geometric_mean_Sensed_Altitude_Sensed_VAFN,0.01771019548348342,0.03317765866380268,-0.044460484507668985,0.044460484507668985
tri_mean_ratio_Sensed_Fan_Speed_Sensed_T3_Sensed_P25,0.012775440900161899,0.007899379885410025,0.04427404410777439,0.04427404410777439
tri_sum_ratio_Sensed_Fan_Speed_Sensed_T3_Sensed_P25,0.012775440900161899,0.007899379885410025,0.04427404410777439,0.04427404410777439
tri_sum_prod_Sensed_Altitude_Sensed_Mach_Sensed_Pamb,0.0235551004993897,-0.044056868282996854,-0.007248207912808082,0.044056868282996854
interact_alt_Sensed_Pamb,0.02355780884022169,-0.0440523042235142,-0.0072468952244587135,0.0440523042235142
product_Sensed_Altitude_Sensed_Pamb,0.02355780884022169,-0.0440523042235142,-0.0072468952244587135,0.0440523042235142
geometric_mean_Sensed_Altitude_Sensed_Pamb,0.02356411975960528,-0.04402411842766797,-0.00723761852423741,0.04402411842766797
ratio_Sensed_Fan_Speed_Sensed_Ps3,0.007340081946371655,-0.016765791256737488,-0.0440165796065843,0.0440165796065843
diff_Sensed_T3_Sensed_Ps3,0.0018542213184458414,-0.0436482644084365,-0.0002648555945085427,0.0436482644084365
product_Sensed_Pamb_Sensed_Fan_Speed,-0.014007228274602783,-0.012914612226640927,0.043564654309670006,0.043564654309670006
tri_ratio_diff_Sensed_Altitude_Sensed_Fan_Speed_Sensed_P25,0.01587469907323665,0.0035588655754437842,-0.04351733866779667,0.04351733866779667
power4_Sensed_Fan_Speed,-0.006529638080692627,-0.011794237454669516,0.04347504188532754,0.04347504188532754
geometric_mean_Sensed_Pamb_Sensed_Fan_Speed,-0.014055302504185982,-0.012865604633233933,0.04343023687544743,0.04343023687544743
tri_sum_ratio_Sensed_Mach_Sensed_WFuel_Sensed_T45,0.022172639458152538,0.04338689205729229,0.018210619101801762,0.04338689205729229
tri_mean_ratio_Sensed_Mach_Sensed_WFuel_Sensed_T45,0.022172639458152538,0.04338689205729229,0.018210619101801762,0.04338689205729229
ratio_inv_Sensed_Pt2_Sensed_Core_Speed,0.0031308810817431898,0.0025313299739238744,0.04335580676538832,0.04335580676538832
cbrt_Sensed_WFuel,0.009096555845526991,-0.035447809461676666,-0.043338858381514404,0.043338858381514404
sum_Sensed_Altitude_Sensed_T5,0.011690196773915008,-0.039084442729605026,-0.043333772542042626,0.043333772542042626
ratio_Sensed_Pt2_Sensed_Ps3,0.006761991094339012,-0.017542108344604443,-0.043121524192463165,0.043121524192463165
press_ratio_Sensed_Pt2_Sensed_Ps3,0.006761991094339012,-0.017542108344604443,-0.043121524192463165,0.043121524192463165
product_Sensed_Altitude_Sensed_T3,0.004891853482178174,-0.04307112165375289,0.012363906757852964,0.04307112165375289
interact_alt_Sensed_T3,0.004891853482178174,-0.04307112165375289,0.012363906757852964,0.04307112165375289
tri_sum_prod_Sensed_Altitude_Sensed_Mach_Sensed_T3,0.004891689881437786,-0.04307097410068498,0.012363810451122307,0.04307097410068498
tri_sum_prod_Sensed_Altitude_Sensed_Pamb_Sensed_T3,0.004890761169718902,-0.043070166508791266,0.01236473812208132,0.043070166508791266
cube_Sensed_Fan_Speed,-0.006716881469656492,-0.011820700505747912,0.042963237335768394,0.042963237335768394
tri_sum_prod_Sensed_Altitude_Sensed_WFuel_Sensed_T3,0.004940083869311372,-0.04283463047867816,0.012207799841444647,0.04283463047867816
tri_sum_prod_Sensed_Altitude_Sensed_Fan_Speed_Sensed_T3,0.0046326095569542815,-0.04281274174327132,0.012988057133071496,0.04281274174327132
ratio_inv_Sensed_TAT_Sensed_T3,0.004687738768167032,-0.04250457249860893,0.002923135530752051,0.04250457249860893
square_Sensed_Fan_Speed,-0.006909504347489909,-0.011844528088245126,0.04242934229389807,0.04242934229389807
diff_Sensed_WFuel_Sensed_Fan_Speed,0.007535553420261749,0.011567266611978506,-0.0424169850827045,0.0424169850827045
tri_sum_prod_Sensed_Mach_Sensed_Pamb_Sensed_Fan_Speed,-0.01499788320054989,-0.012826530310995184,0.04237933405927348,0.04237933405927348
cbrt_Sensed_T25,-0.0015210257085550112,-0.04226993927701925,-0.023247774025273494,0.04226993927701925
ratio_Sensed_Pt2_Sensed_Core_Speed,-0.004109742626361395,-0.0016171946304927715,-0.042236705611643825,0.042236705611643825
sum_Sensed_Pt2_Sensed_Fan_Speed,-0.007189194144886185,-0.012003029524099755,0.04198852496152106,0.04198852496152106
sum_Sensed_Pamb_Sensed_Fan_Speed,-0.007148663772868524,-0.011883648214657667,0.041928471293859085,0.041928471293859085
diff_Sensed_Mach_Sensed_Fan_Speed,0.007101356698299194,0.011866744654021245,-0.04188301906824335,0.04188301906824335
tri_ratio_diff_Sensed_Pamb_Sensed_Core_Speed_Sensed_T3,0.009673605898717727,0.0007489211886290304,-0.041881805140579195,0.041881805140579195
sum_Sensed_VBV_Sensed_Fan_Speed,-0.007107630635962051,-0.011865461942195236,0.041872713857137644,0.041872713857137644
diff_Sensed_VBV_Sensed_Fan_Speed,0.007107661256852225,0.01186540331693765,-0.04187241562026564,0.04187241562026564
sum_Sensed_Mach_Sensed_Fan_Speed,-0.0071139314605450634,-0.011864116861312862,0.04186209842511493,0.04186209842511493
tri_sum_prod_Sensed_Altitude_Sensed_Core_Speed_Sensed_T3,0.002963766662554518,-0.04182662529750544,0.018943519387420674,0.04182662529750544
diff_Sensed_Pamb_Sensed_Fan_Speed,0.007066573620623042,0.01184711145117183,-0.04181628311446757,0.04181628311446757
diff_Sensed_Pt2_Sensed_Fan_Speed,0.007025808554014386,0.01172735112324147,-0.04175535834669057,0.04175535834669057
geometric_mean_Sensed_T25_Sensed_T45,0.002608694887387548,-0.04164212466908187,-0.03627035003637245,0.04164212466908187
ratio_squared_Sensed_Pt2_Sensed_Core_Speed,-0.004551969426905971,-0.0013018247856900755,-0.04164026089032966,0.04164026089032966
exp_Sensed_TAT,-0.0026372215253758447,0.005714377910177971,0.04162546996562004,0.04162546996562004
sqrt_Sensed_Fan_Speed,-0.007208767698500382,-0.011874687881527478,0.041585503944573485,0.041585503944573485
product_Sensed_Pt2_Sensed_T3,0.0007217222601411995,-0.04156204960404279,0.016060267983080863,0.04156204960404279
temp_press_product_Sensed_T3_Sensed_Pt2,0.0007217222601411995,-0.04156204960404279,0.016060267983080863,0.04156204960404279
cbrt_Sensed_Fan_Speed,-0.007242867069507568,-0.011877592675444765,0.04148826611344844,0.04148826611344844
log10_Sensed_Fan_Speed,-0.007311311417234,-0.011883095022647557,0.041292422683108794,0.041292422683108794
log_Sensed_Fan_Speed,-0.00731131141723375,-0.011883095022647689,0.04129242268310879,0.04129242268310879
sum_Sensed_WFuel_Sensed_Fan_Speed,-0.006670640135585965,-0.012146513223762749,0.04127084172261623,0.04127084172261623
geometric_mean_Sensed_T25_Sensed_T5,0.0032675908204959393,-0.04116709669422914,-0.03567085077903664,0.04116709669422914
ratio_inv_Sensed_Pamb_Sensed_T3,0.004204089307954633,-0.04107056635084764,0.012282616945982922,0.04107056635084764
temp_press_ratio_Sensed_T3_Sensed_Pamb,0.004204089307954633,-0.04107056635084764,0.012282616945982922,0.04107056635084764
reciprocal_sqrt_Sensed_Fan_Speed,0.007415465706455326,0.011890622706810995,-0.040992708168408734,0.040992708168408734
harmonic_mean_Sensed_Pt2_Sensed_Ps3,-0.017271956865597723,-0.022298754481497818,0.040828852191454615,0.040828852191454615
ratio_squared_Sensed_Altitude_Sensed_VAFN,0.007797111102335963,-0.04081045853959726,0.01840387095753526,0.04081045853959726
ratio_Sensed_TAT_Sensed_Ps3,0.00707998086446282,-0.01575886088577815,-0.04077459193643866,0.04077459193643866
inv_Sensed_Fan_Speed,0.007520949492673818,0.011897205988197886,-0.04068708781709369,0.04068708781709369
sum_Sensed_T3_Sensed_P25,0.002847776104044307,-0.040665351529128514,0.012486024100984998,0.040665351529128514
tri_prod_ratio_Sensed_Altitude_Sensed_Pamb_Sensed_Fan_Speed,0.011644688484121757,0.0033026842224121895,-0.040530356133720774,0.040530356133720774
diff_Sensed_TAT_Sensed_T3,-0.0036677251677822197,0.0405249860136605,-0.009770698310360582,0.0405249860136605
tri_ratio_diff_Sensed_Altitude_Sensed_WFuel_Sensed_Fan_Speed,0.016468474262367323,0.0051378746063670735,-0.04048344335913058,0.04048344335913058
tri_prod_ratio_Sensed_Altitude_Sensed_WFuel_Sensed_T5,0.025877374817975425,0.0404510270912745,0.0071644381606239945,0.0404510270912745
product_Sensed_Core_Speed_Sensed_T3,0.0012841079959805667,-0.040359565414856635,0.02439660553168498,0.040359565414856635
tri_sum_prod_Sensed_Mach_Sensed_Core_Speed_Sensed_T3,0.0012840700296422852,-0.040359510572455695,0.024396178562688647,0.040359510572455695
tri_sum_prod_Sensed_Pamb_Sensed_Core_Speed_Sensed_T3,0.0012842455932928756,-0.04035915555946194,0.02439344849379857,0.04035915555946194
diff_Sensed_WFuel_Sensed_T3,-0.002892876225988457,0.0403284871898017,-0.013554510205417782,0.0403284871898017
ratio_inv_Sensed_Altitude_Sensed_Fan_Speed,-0.01603040945342803,-0.005476708584643653,0.04031912882236306,0.04031912882236306
norm_altitude_Sensed_Fan_Speed,-0.01603040945342803,-0.005476708584643653,0.04031912882236306,0.04031912882236306
tri_sum_prod_Sensed_Fan_Speed_Sensed_Core_Speed_Sensed_T3,0.0013410438944071673,-0.04029404588689887,0.02395954722919762,0.04029404588689887
harmonic_mean_Sensed_VAFN_Sensed_T25,-0.0010953251373863283,-0.040208132506539755,-0.024772872423229373,0.040208132506539755
harmonic_mean_Sensed_Altitude_Sensed_Fan_Speed,-0.005740779559480894,-0.01217490488306432,0.040206851317761735,0.040206851317761735
tri_sum_prod_Sensed_WFuel_Sensed_Core_Speed_Sensed_T3,0.001345347311961077,-0.040174166043999024,0.02419816466968334,0.040174166043999024
tri_ratio_diff_Sensed_Altitude_Sensed_Pamb_Sensed_Fan_Speed,0.016152492752961774,0.005356606686377092,-0.04012664478031179,0.04012664478031179
sum_Sensed_Pt2_Sensed_T3,0.0029416201655839136,-0.04011466892622523,0.013369990065679089,0.04011466892622523
tri_sum_ratio_Sensed_Altitude_Sensed_WFuel_Sensed_Fan_Speed,0.016194664490783543,0.005319345222202346,-0.04011412654721484,0.04011412654721484
tri_mean_ratio_Sensed_Altitude_Sensed_WFuel_Sensed_Fan_Speed,0.016194664490783543,0.005319345222202346,-0.04011412654721484,0.04011412654721484
ratio_squared_Sensed_Mach_Sensed_TAT,-0.004226502712601615,0.0022848506672115652,-0.04010997111369281,0.04010997111369281
tri_weighted_Sensed_Altitude_Sensed_WFuel_Sensed_Fan_Speed,0.016180583552142417,0.005328372244108743,-0.040095052768997816,0.040095052768997816
sum_Sensed_Pamb_Sensed_T3,0.002951360803197355,-0.04008976065147718,0.013351295876256565,0.04008976065147718
diff_Sensed_Mach_Sensed_T3,-0.0029612454552564787,0.040087593333658716,-0.013342567455001076,0.040087593333658716
sum_Sensed_VBV_Sensed_T3,0.002959770997304565,-0.040087390305654794,0.013341268780601483,0.040087390305654794
diff_Sensed_VBV_Sensed_T3,-0.002959762262074047,0.040087380704589094,-0.013341219711034384,0.040087380704589094
sum_Sensed_Mach_Sensed_T3,0.0029582877737123325,-0.040087177071894006,0.01333992084758947,0.040087177071894006
diff_Sensed_Pamb_Sensed_T3,-0.002968171701644885,0.04008499399468976,-0.013331186679727774,0.04008499399468976
tri_ratio_diff_Sensed_Altitude_Sensed_Mach_Sensed_Fan_Speed,0.016160588436138244,0.005339058370786676,-0.04008315122139653,0.04008315122139653
tri_mean_ratio_Sensed_Altitude_Sensed_Pamb_Sensed_Fan_Speed,0.01616501189036508,0.0053389466992105755,-0.04008073937357994,0.04008073937357994
tri_sum_ratio_Sensed_Altitude_Sensed_Pamb_Sensed_Fan_Speed,0.01616501189036508,0.0053389466992105755,-0.04008073937357994,0.04008073937357994
tri_diff_ratio_Sensed_Mach_Sensed_WFuel_Sensed_T5,-0.01091061966599203,0.029892863226287772,0.040080599577527784,0.040080599577527784
tri_weighted_Sensed_Altitude_Sensed_Pamb_Sensed_Fan_Speed,0.016165747187204156,0.005338169040928221,-0.0400783335763407,0.0400783335763407
ratio_Sensed_Altitude_Sensed_VAFN,0.008170282157562095,-0.04007793545595327,0.01795500348687535,0.04007793545595327
tri_sum_ratio_Sensed_Altitude_Sensed_Mach_Sensed_Fan_Speed,0.016165955027443397,0.005337557068794584,-0.040076601756674324,0.040076601756674324
tri_mean_ratio_Sensed_Altitude_Sensed_Mach_Sensed_Fan_Speed,0.016165955027443397,0.005337557068794584,-0.040076601756674324,0.040076601756674324
tri_weighted_Sensed_Altitude_Sensed_Mach_Sensed_Fan_Speed,0.01616621857684282,0.005337474147631539,-0.04007626424764959,0.04007626424764959
ratio_Sensed_Altitude_Sensed_Fan_Speed,0.01616648212447992,0.005337391223415701,-0.04007592671984914,0.04007592671984914
tri_diff_ratio_Sensed_Altitude_Sensed_Mach_Sensed_Fan_Speed,0.016167009214465625,0.005337225365825952,-0.040075251607920095,0.040075251607920095
tri_diff_ratio_Sensed_Altitude_Sensed_Pamb_Sensed_Fan_Speed,0.016167950919951633,0.005335835110855815,-0.04007110982932284,0.04007110982932284
tri_ratio_sum_Sensed_Altitude_Sensed_Mach_Sensed_Fan_Speed,0.01617237078890431,0.005335723804557799,-0.04006869723926949,0.04006869723926949
diff_Sensed_Pt2_Sensed_T3,-0.002977912342259059,0.040060052015203865,-0.013312478889988088,0.040060052015203865
tri_diff_ratio_Sensed_Altitude_Sensed_WFuel_Sensed_Fan_Speed,0.01613821805493259,0.005355404917171269,-0.04003751818023103,0.04003751818023103
tri_ratio_sum_Sensed_Altitude_Sensed_Pamb_Sensed_Fan_Speed,0.016180180580477474,0.005318232528085181,-0.04002502954548211,0.04002502954548211
ratio_Sensed_Mach_Sensed_TAT,-0.0041332421971841116,0.0021133999476342664,-0.040006329845311404,0.040006329845311404
poly_Sensed_T3_Sensed_Ps3,0.0029169127425147847,-0.03993320714471797,0.006273581378481909,0.03993320714471797
ratio_squared_Sensed_Altitude_Sensed_Fan_Speed,0.016247861335676267,0.005270787784440671,-0.03989887360766644,0.03989887360766644
sum_Sensed_WFuel_Sensed_T3,0.003025645774964598,-0.03984974065866407,0.013131118024519719,0.03984974065866407
ratio_inv_Sensed_Fan_Speed_Sensed_T3,0.0040662600754577255,-0.039831201229518096,0.0068780018940257865,0.039831201229518096
sum_Sensed_Fan_Speed_Sensed_T3,0.0013852907458094654,-0.039819138266107945,0.020636869688303847,0.039819138266107945
tri_ratio_diff_Sensed_WFuel_Sensed_P25_Sensed_T5,0.023349754947459483,0.039745806051062954,0.008848631630969429,0.039745806051062954
tri_ratio_sum_Sensed_Altitude_Sensed_WFuel_Sensed_Fan_Speed,0.01589486317698245,0.005517022924705215,-0.03968624327584504,0.03968624327584504
norm_mach_Sensed_T3,0.005793235895818148,-0.039577153069946455,0.016926421483143345,0.039577153069946455
ratio_inv_Sensed_Mach_Sensed_T3,0.005793235895818148,-0.039577153069946455,0.016926421483143345,0.039577153069946455
poly_Sensed_T3_Sensed_P25,0.003069127076936228,-0.039529295146523424,0.014123398725281783,0.039529295146523424
diff_Sensed_T3_Sensed_P25,0.003071559916025191,-0.03950944727191406,0.014195123796195714,0.03950944727191406
norm_mach_Sensed_TAT,0.0037827262460793645,-0.001756709455949185,0.039470369961919174,0.039470369961919174
ratio_inv_Sensed_Mach_Sensed_TAT,0.0037827262460793645,-0.001756709455949185,0.039470369961919174,0.039470369961919174
sum_Sensed_TAT_Sensed_T3,0.0022628987046930706,-0.039440050299763316,0.01669581768459335,0.039440050299763316
product_Sensed_Fan_Speed_Sensed_T3,0.001989071532297981,-0.03938501138402034,0.01885136945396109,0.03938501138402034
tri_sum_prod_Sensed_Mach_Sensed_Fan_Speed_Sensed_T3,0.001988406791296097,-0.03938472333352837,0.018848295075496457,0.03938472333352837
tri_sum_prod_Sensed_Pamb_Sensed_Fan_Speed_Sensed_T3,0.001988183013910156,-0.0393847124785084,0.018835437167592825,0.0393847124785084
interact_alt_Sensed_Pt2,-0.003265017951609167,-0.039311429188680844,0.017371395467419504,0.039311429188680844
product_Sensed_Altitude_Sensed_Pt2,-0.003265017951609167,-0.039311429188680844,0.017371395467419504,0.039311429188680844
interact_alt_mach_Sensed_T3,0.0014580180636499006,-0.03920060747889528,0.007916513859717231,0.03920060747889528
geometric_mean_Sensed_Altitude_Sensed_Pt2,-0.0032300246805055228,-0.039168387473618275,0.017138986525614873,0.039168387473618275
ratio_Sensed_Core_Speed_Sensed_Ps3,0.007034097009115411,-0.017295545439737645,-0.0388598831454925,0.0388598831454925
diff_Sensed_Fan_Speed_Sensed_T3,-0.0045678135738761215,0.03870958570948209,-0.004761044955294479,0.03870958570948209
harmonic_mean_Sensed_TAT_Sensed_T25,-0.012714841384786027,-0.038600356669627495,0.009942866076180366,0.038600356669627495
norm_altitude_Sensed_VAFN,-0.00893010458485661,0.03855036366084182,-0.01703086706603396,0.03855036366084182
ratio_inv_Sensed_Altitude_Sensed_VAFN,-0.00893010458485661,0.03855036366084182,-0.01703086706603396,0.03855036366084182
ratio_inv_Sensed_Core_Speed_Sensed_T3,0.004904863043523581,-0.038548278410404695,-0.00012028407397648207,0.038548278410404695
tri_sum_prod_Sensed_Mach_Sensed_Pamb_Sensed_T3,0.001555979179000624,-0.03845987148267065,0.01365583134330248,0.03845987148267065
temp_press_product_Sensed_T3_Sensed_Pamb,0.0016994377151539689,-0.03843430638994042,0.01402845581652247,0.03843430638994042
product_Sensed_Pamb_Sensed_T3,0.0016994377151539689,-0.03843430638994042,0.01402845581652247,0.03843430638994042
ratio_Sensed_WFuel_Sensed_T5,0.022907972384819744,0.03787047961134812,0.008089029767501843,0.03787047961134812
geometric_mean_Sensed_Pt2_Sensed_T25,-0.0014780364076226581,-0.037615205802887616,-0.013423674304524657,0.037615205802887616
tri_sum_prod_Sensed_WFuel_Sensed_Fan_Speed_Sensed_T3,0.002613811083547103,-0.03745129444803397,0.01703389989578017,0.03745129444803397
sum_Sensed_Fan_Speed_Sensed_P25,-0.007587274936324058,-0.014390889707925694,0.03739403785159892,0.03739403785159892
product_Sensed_Mach_Sensed_VAFN,-0.010775268441659153,0.028943057469101755,-0.037126765531273635,0.037126765531273635
interact_mach_Sensed_VAFN,-0.010775268441659153,0.028943057469101755,-0.037126765531273635,0.037126765531273635
tri_ratio_sum_Sensed_Mach_Sensed_Core_Speed_Sensed_T5,-0.0020503691719640656,0.03278390347694192,-0.036943353391932374,0.036943353391932374
product_Sensed_Mach_Sensed_T3,-4.6455160181262285e-05,-0.03690219538040146,0.009036131390808973,0.03690219538040146
interact_mach_Sensed_T3,-4.6455160181262285e-05,-0.03690219538040146,0.009036131390808973,0.03690219538040146
geometric_mean_Sensed_Mach_Sensed_VAFN,-0.010575957913044623,0.02843059432517595,-0.03680040757960158,0.03680040757960158
ratio_inv_Sensed_Pt2_Sensed_T3,0.005415554818018904,-0.03678293750876026,0.009653915416029179,0.03678293750876026
temp_press_ratio_Sensed_T3_Sensed_Pt2,0.005415554818018904,-0.03678293750876026,0.009653915416029179,0.03678293750876026
tri_ratio_sum_Sensed_Altitude_Sensed_Fan_Speed_Sensed_P25,0.016447130759250944,0.007061608258586705,-0.03673049506127377,0.03673049506127377
ratio_inv_Sensed_VBV_Sensed_T3,0.006267628310219962,-0.03657942232820807,0.008653611732527142,0.03657942232820807
ratio_inv_Sensed_Altitude_Sensed_T3,0.0010940482598625146,-0.03640740534213192,0.013811095578169362,0.03640740534213192
norm_altitude_Sensed_T3,0.0010940482598625146,-0.03640740534213192,0.013811095578169362,0.03640740534213192
interact_alt_mach_Sensed_VAFN,-0.0006210989494331706,0.019845247303767695,-0.03637501730916124,0.03637501730916124
product_Sensed_TAT_Sensed_T3,0.0015898537580160202,-0.03635500303070138,0.021202337401634568,0.03635500303070138
sum_Sensed_T3_Sensed_Ps3,0.004078708272178163,-0.03633792846143928,0.02717987289589255,0.03633792846143928
geometric_mean_Sensed_Core_Speed_Sensed_T25,-0.0005879837707018351,-0.03610141640007089,-0.0023493921944914477,0.03610141640007089
tri_ratio_sum_Sensed_WFuel_Sensed_P25_Sensed_T5,0.02248800939655609,0.036095310191958066,0.007369188834243998,0.036095310191958066
sum_Sensed_TAT_Sensed_P25,-0.009516312081290902,-0.010192717174207284,0.03607472762579046,0.03607472762579046
geometric_mean_Sensed_Pamb_Sensed_VAFN,-0.0054076652119431365,0.036008996339306217,-0.021040952372804858,0.036008996339306217
diff_Sensed_Altitude_Sensed_T45,0.017581839188439453,0.0358735997037979,0.02137745444133863,0.0358735997037979
product_Sensed_Pamb_Sensed_VAFN,-0.005584078134748804,0.035719145440476094,-0.020845310694935514,0.035719145440476094
diff_Sensed_VAFN_Sensed_T25,-0.005440335936734407,0.035563164656290676,-0.003666904868480555,0.035563164656290676
diff_Sensed_Fan_Speed_Sensed_Ps3,-0.013924882979370909,-0.03544444570936843,-0.02658520507676978,0.03544444570936843
ratio_squared_Sensed_Mach_Sensed_Pt2,-0.0027994162876887434,0.02229745715051043,-0.03525222035894955,0.03525222035894955
geometric_mean_Sensed_Altitude_Sensed_T25,0.004825816462400691,-0.03512469315912256,-0.02398047575816139,0.03512469315912256
tri_ratio_sum_Sensed_Mach_Sensed_Core_Speed_Sensed_T45,-0.0013556948362232495,0.03508933922295811,-0.03272516551164724,0.03508933922295811
tri_prod_ratio_Sensed_WFuel_Sensed_Fan_Speed_Sensed_T5,0.02156399508268116,0.03504841067075894,0.0135376138910084,0.03504841067075894
ratio_Sensed_Mach_Sensed_Pt2,-0.0022438769571182706,0.021856233782768575,-0.03493567650601384,0.03493567650601384
tri_prod_ratio_Sensed_Mach_Sensed_WFuel_Sensed_T5,0.018765539391119985,0.03478973589208102,0.004822264036875721,0.03478973589208102
geometric_mean_Sensed_WFuel_Sensed_VAFN,0.009819924870653998,-0.020930061464891465,-0.03447325617133916,0.03447325617133916
tri_weighted_Sensed_Fan_Speed_Sensed_T45_Sensed_P25,0.010377547646299742,0.002239407995492851,0.03432445004840025,0.03432445004840025
tri_prod_ratio_Sensed_Pamb_Sensed_WFuel_Sensed_T5,0.020596201788103008,0.03431605947604874,0.008813811251586999,0.03431605947604874
ratio_inv_Sensed_Mach_Sensed_Pt2,0.0010705693496938602,-0.020938709587804367,0.0342212421933584,0.0342212421933584
norm_mach_Sensed_Pt2,0.0010705693496938602,-0.020938709587804367,0.0342212421933584,0.0342212421933584
geometric_mean_Sensed_Altitude_Sensed_WFuel,0.010457594550961898,-0.02489356615121234,-0.03384287718570092,0.03384287718570092
tri_ratio_diff_Sensed_Mach_Sensed_Fan_Speed_Sensed_P25,-0.007506030098752436,0.004729770514865533,-0.033811978732093066,0.033811978732093066
tri_ratio_sum_Sensed_WFuel_Sensed_Fan_Speed_Sensed_T3,0.010545823181847378,-0.014588257704129776,-0.03379975392980793,0.03379975392980793
tri_ratio_sum_Sensed_WFuel_Sensed_T3_Sensed_T5,0.01638261849845993,0.009609976244284339,-0.03374076226766131,0.03374076226766131
sqrt_Sensed_T25,0.001911559183902116,-0.03369160652109078,-0.020697075838916196,0.03369160652109078
diff_Sensed_TAT_Sensed_Fan_Speed,0.005625680953082492,0.014892811546783727,-0.03354470905793606,0.03354470905793606
harmonic_mean_Sensed_T25_Sensed_T5,0.004865676290225118,-0.033462765882834714,-0.029102458732149922,0.033462765882834714
product_Sensed_VAFN_Sensed_T3,0.003737890817624239,-0.03340097119407516,0.007597765494898712,0.03340097119407516
tri_ratio_diff_Sensed_Fan_Speed_Sensed_Core_Speed_Sensed_T3,0.013404480664462594,-0.0034860476904267808,-0.03334801083297925,0.03334801083297925
ratio_squared_Sensed_TAT_Sensed_Core_Speed,0.0020468896308652174,0.03324489316395243,-0.023382583082770005,0.03324489316395243
geometric_mean_Sensed_Pamb_Sensed_T25,-7.20538616964736e-05,-0.033243350466887214,-0.017196315939920832,0.033243350466887214
geometric_mean_Sensed_Fan_Speed_Sensed_T25,0.00048610332683621683,-0.03307602187127363,-0.010732066729670081,0.03307602187127363
tri_prod_ratio_Sensed_Altitude_Sensed_Mach_Sensed_Fan_Speed,0.0004689489965533111,0.0029823088429152926,-0.03297544581933686,0.03297544581933686
product_Sensed_Mach_Sensed_Core_Speed,-0.017027665012725658,-0.012989159049780393,0.03297503551230656,0.03297503551230656
interact_mach_Sensed_Core_Speed,-0.017027665012725658,-0.012989159049780393,0.03297503551230656,0.03297503551230656
ratio_inv_Sensed_Pamb_Sensed_TAT,-0.0010077436022629723,-0.0001790092081153452,0.03267001223074834,0.03267001223074834
diff_Sensed_Pamb_Sensed_Pt2,0.011644477136988973,0.032490260597800566,-0.023431229838957436,0.032490260597800566
press_diff_Sensed_Pamb_Sensed_Pt2,0.011644477136988973,0.032490260597800566,-0.023431229838957436,0.032490260597800566
sum_Sensed_VAFN_Sensed_T25,0.010801431328827417,0.006260140172009026,-0.03247950007870206,0.03247950007870206
interact_alt_squared_Sensed_VAFN,0.01688966495308422,0.016323540130082775,-0.03246804734001193,0.03246804734001193
tri_sum_prod_Sensed_Mach_Sensed_WFuel_Sensed_P25,0.008629250391445568,-0.02027009001617726,-0.03243336937011183,0.03243336937011183
geometric_mean_Sensed_Mach_Sensed_Core_Speed,-0.016734847910408163,-0.013587110569119511,0.03237710175233752,0.03237710175233752
ratio_Sensed_TAT_Sensed_Core_Speed,0.0020635124826840203,0.03236253564618985,-0.023388967236061726,0.03236253564618985
interact_mach_squared_Sensed_T3,-0.002553829266791107,-0.03229355841856148,0.005229003778961346,0.03229355841856148
geometric_mean_Sensed_Mach_Sensed_WFuel,0.008023402645018817,-0.023154092276223136,-0.03229224214707434,0.03229224214707434
ratio_inv_Sensed_TAT_Sensed_Fan_Speed,0.006071885493979429,-0.008877442250123001,-0.032275320544722895,0.032275320544722895
ratio_Sensed_Pamb_Sensed_TAT,0.0006857232849584961,0.0006409520914116666,-0.03221519128927071,0.03221519128927071
tri_prod_ratio_Sensed_Mach_Sensed_Fan_Speed_Sensed_Core_Speed,-0.007779574810974749,0.009250163277665292,-0.03209100740856344,0.03209100740856344
ratio_squared_Sensed_Pamb_Sensed_TAT,0.0005306155760566849,0.000862192155124987,-0.031922499780267295,0.031922499780267295
tri_ratio_diff_Sensed_Mach_Sensed_WFuel_Sensed_Fan_Speed,-0.007064365903838949,0.005927708080797669,-0.031782407872711714,0.031782407872711714
tri_diff_ratio_Sensed_Mach_Sensed_WFuel_Sensed_T45,-0.011066501101780118,0.023293912627880636,0.031672794833604793,0.031672794833604793
ratio_squared_Sensed_Mach_Sensed_Fan_Speed,-0.007676622218060513,0.0063904599356157925,-0.031583709969096,0.031583709969096
harmonic_mean_Sensed_Pt2_Sensed_T5,-0.01733129391405168,-0.03153921070643938,0.025046085712484192,0.03153921070643938
tri_ratio_diff_Sensed_Mach_Sensed_Pamb_Sensed_Fan_Speed,-0.007313715531548452,0.006105205938326315,-0.03152238103624891,0.03152238103624891
ratio_Sensed_TAT_Sensed_Fan_Speed,-0.00564900726267315,0.008691691007502757,0.03151088087183659,0.03151088087183659
ratio_Sensed_Mach_Sensed_Fan_Speed,-0.0073111711999975385,0.006094702328290839,-0.031486966771664404,0.031486966771664404
tri_ratio_sum_Sensed_Mach_Sensed_Pamb_Sensed_Fan_Speed,-0.0073086021448787,0.006084222222520761,-0.03145154496906223,0.03145154496906223
tri_prod_ratio_Sensed_Pamb_Sensed_Fan_Speed_Sensed_Core_Speed,-0.00530508892231934,0.013579680833794577,-0.0314025523573669,0.0314025523573669
tri_ratio_sum_Sensed_Mach_Sensed_WFuel_Sensed_Fan_Speed,-0.007523891026171961,0.006244941857845336,-0.031208080995356494,0.031208080995356494
ratio_squared_Sensed_TAT_Sensed_Fan_Speed,-0.005418938524299597,0.008585885929785285,0.03111226752566868,0.03111226752566868
tri_ratio_diff_Sensed_Altitude_Sensed_Pamb_Sensed_WFuel,0.007277194786134663,-0.014602687698823945,-0.031103269536213885,0.031103269536213885
product_Sensed_Altitude_Sensed_TAT,0.0017104947271488818,-0.005545759099173476,0.03097838145137267,0.03097838145137267
interact_alt_Sensed_TAT,0.0017104947271488818,-0.005545759099173476,0.03097838145137267,0.03097838145137267
norm_mach_Sensed_Fan_Speed,0.006341122695801806,-0.005456104991436785,0.030965962798570765,0.030965962798570765
ratio_inv_Sensed_Mach_Sensed_Fan_Speed,0.006341122695801806,-0.005456104991436785,0.030965962798570765,0.030965962798570765
ratio_inv_Sensed_Pamb_Sensed_Pt2,-0.008827860505153287,-0.030945252304433485,0.019789159282160435,0.030945252304433485
tri_prod_ratio_Sensed_WFuel_Sensed_Core_Speed_Sensed_T5,0.020762611679556914,0.030937513895312865,0.0179252334586804,0.030937513895312865
diff_Sensed_Mach_Sensed_Pt2,0.01641626000097474,0.03015904888669145,-0.03089578293479566,0.03089578293479566
geometric_mean_Sensed_Altitude_Sensed_TAT,0.001827801230176557,-0.005553667841345426,0.03080120543541847,0.03080120543541847
harmonic_mean_Sensed_Pamb_Sensed_Ps3,-0.014165996561690814,-0.0004359910567621264,0.030722339634787037,0.030722339634787037
ratio_Sensed_Pamb_Sensed_Pt2,0.008615429775564346,0.03051592407646517,-0.018879401089860567,0.03051592407646517
press_ratio_Sensed_Pamb_Sensed_Pt2,0.008615429775564346,0.03051592407646517,-0.018879401089860567,0.03051592407646517
geometric_mean_Sensed_Mach_Sensed_T25,-0.002113572753973017,-0.030302627797372007,-0.022418360392427217,0.030302627797372007
ratio_squared_Sensed_Pamb_Sensed_Pt2,0.008480851347844216,0.03028310096570276,-0.01842517439695597,0.03028310096570276
geometric_mean_Sensed_Pamb_Sensed_WFuel,0.008823041071363216,-0.02359081428690535,-0.030175958694528625,0.030175958694528625
tri_sum_prod_Sensed_WFuel_Sensed_P25_Sensed_T5,0.007802219103301664,-0.024940358073054787,-0.030141547567998778,0.030141547567998778
isentropic_eff_squared,0.016436753784845062,0.017698363946593767,-0.029999565046741603,0.029999565046741603
geometric_mean_Sensed_TAT_Sensed_T25,-0.00020448531986653334,-0.02983479254712725,-0.005619701493513547,0.02983479254712725
harmonic_mean_Sensed_Pt2_Sensed_T45,-0.01698881598619844,-0.029727115072337745,0.026364257676528134,0.029727115072337745
ratio_inv_Sensed_TAT_Sensed_Core_Speed,-0.0022096675537085376,-0.029607113747629372,0.023488719080619058,0.029607113747629372
harmonic_mean_Sensed_Pt2_Sensed_T25,-0.01701291122290669,-0.02954350094639188,0.026993201350990162,0.02954350094639188
diff_Sensed_Altitude_Sensed_T5,0.01555578226604929,0.029403923041809773,0.015137265958005752,0.029403923041809773
harmonic_mean_Sensed_Pt2_Sensed_T3,-0.016892086769795953,-0.02921131137516616,0.02835435682658746,0.02921131137516616
tri_weighted_Sensed_Pamb_Sensed_WFuel_Sensed_Core_Speed,0.011661367718943307,-0.002665379811749225,-0.029200857914128773,0.029200857914128773
tri_ratio_sum_Sensed_Mach_Sensed_Fan_Speed_Sensed_P25,-0.007118433982593968,0.007438100312270975,-0.029195999651470666,0.029195999651470666
geometric_mean_Sensed_WFuel_Sensed_Ps3,0.009209122740353638,-0.028846173942011055,0.027561258977909727,0.028846173942011055
harmonic_mean_Sensed_T25_Sensed_T45,0.005408584267876435,-0.02884207474878622,-0.024888886144846495,0.02884207474878622
geometric_mean_Sensed_Pt2_Sensed_WFuel,0.008318983673572351,-0.02514193216678888,-0.02875404297208514,0.02875404297208514
geometric_mean_Sensed_VAFN_Sensed_T25,0.002984394493887758,-0.024783232185992245,-0.028661184382555417,0.028661184382555417
harmonic_mean_Sensed_Pt2_Sensed_TAT,-0.016800833873992848,-0.028123161288907607,0.02861367650375514,0.02861367650375514
geometric_mean_Sensed_WFuel_Sensed_Fan_Speed,0.008966481631722662,-0.024310497439962588,-0.02844515068120816,0.02844515068120816
power4_Sensed_Pt2,-0.017277199446315485,-0.028313232787298574,0.02820225096050725,0.028313232787298574
cube_Sensed_Pt2,-0.01709973005298098,-0.028271262822418854,0.028050768570318053,0.028271262822418854
square_Sensed_Pt2,-0.01690241248539358,-0.028212468868005058,0.027871668425254043,0.028212468868005058
harmonic_mean_Sensed_Pt2_Sensed_Fan_Speed,-0.01670274612880493,-0.028170396518094297,0.027822706579006873,0.028170396518094297
harmonic_mean_Sensed_Pt2_Sensed_Core_Speed,-0.01668889914914963,-0.028146325482369963,0.027696081746700518,0.028146325482369963
harmonic_mean_Sensed_Altitude_Sensed_Pt2,-0.01668244535370006,-0.028145121884439746,0.027666593755425028,0.028145121884439746
sum_Sensed_Pt2_Sensed_VBV,-0.016680364856715264,-0.028139809666434076,0.0276873965370162,0.028139809666434076
diff_Sensed_Pt2_Sensed_VBV,-0.016689248540024015,-0.02813340061556745,0.02764349335259369,0.02813340061556745
sqrt_Sensed_Pt2,-0.016568289896125625,-0.028092242336497777,0.027552390118401087,0.028092242336497777
harmonic_mean_Sensed_Pt2_Sensed_VAFN,-0.016684111436593745,-0.02808077706042533,0.02761898711118839,0.02808077706042533
cbrt_Sensed_Pt2,-0.01652829165757116,-0.028076488031982223,0.02751324543130622,0.028076488031982223
tri_prod_ratio_Sensed_Altitude_Sensed_T45_Sensed_P25,0.006928729793564747,-0.02805739496010909,-0.0159658874257754,0.02805739496010909
log10_Sensed_Pt2,-0.016446551412201332,-0.028043533476259513,0.027432796616254664,0.028043533476259513
log_Sensed_Pt2,-0.016446551412201346,-0.02804353347625938,0.0274327966162548,0.02804353347625938
reciprocal_sqrt_Sensed_Pt2,0.01631955902319314,0.027990478000646826,-0.02730678329064844,0.027990478000646826
inv_Sensed_Pt2,0.016187273859682185,0.027933061735198366,-0.02717446073737767,0.027933061735198366
ratio_squared_Sensed_WFuel_Sensed_T25,0.010871760015064397,-0.01340004872833369,-0.027923334766685105,0.027923334766685105
harmonic_mean_Sensed_VAFN_Sensed_Fan_Speed,-0.005357933009286105,0.004528303671158224,0.02791504630445176,0.02791504630445176
temp_sum_Sensed_T25_Sensed_T3,0.005754974055825348,-0.027863266745322968,-0.0008596137715112962,0.027863266745322968
sum_Sensed_T25_Sensed_T3,0.005754974055825348,-0.027863266745322968,-0.0008596137715112962,0.027863266745322968
diff_Sensed_T25_Sensed_Ps3,0.007303760785260435,-0.01938172006240345,-0.027857774847058644,0.027857774847058644
tri_ratio_sum_Sensed_WFuel_Sensed_T3_Sensed_T45,0.014988444428149582,0.002157884618266913,-0.02778765313550795,0.02778765313550795
product_Sensed_VAFN_Sensed_Fan_Speed,-0.001972703118209315,0.027740833139792927,0.005741806497412946,0.027740833139792927
geometric_mean_Sensed_VAFN_Sensed_Fan_Speed,-0.0019985159125849904,0.027677113165084432,0.005534646907628267,0.027677113165084432
square_Sensed_T45,0.007137639036994202,-0.025830937862555886,-0.027675789131028597,0.027675789131028597
tri_ratio_diff_Sensed_Mach_Sensed_Pamb_Sensed_WFuel,-0.009624419192612142,-0.009824016717913457,-0.027641996978822893,0.027641996978822893
product_Sensed_TAT_Sensed_VAFN,-0.004908110975411984,0.027473520534414004,0.02313126867045768,0.027473520534414004
geometric_mean_Sensed_TAT_Sensed_VAFN,-0.0049614240319407095,0.02737276171366478,0.022919119796949685,0.02737276171366478
interact_alt_squared_Sensed_Core_Speed,0.007138308892113438,-0.01833241686105202,0.02723402556454701,0.02723402556454701
tri_prod_ratio_Sensed_Core_Speed_Sensed_T45_Sensed_P25,0.005353247391869968,-0.027053624316582064,-0.006902157625679996,0.027053624316582064
tri_sum_prod_Sensed_Fan_Speed_Sensed_T45_Sensed_T5,0.007204626966768512,-0.026118888821818717,-0.02669708036059285,0.02669708036059285
tri_prod_ratio_Sensed_Fan_Speed_Sensed_T45_Sensed_P25,0.00553723670619082,-0.0265821767272864,-0.010452623546581327,0.0265821767272864
tri_weighted_Sensed_Mach_Sensed_Pamb_Sensed_Fan_Speed,-0.004182215341790486,0.006673055096854029,-0.026401298245106203,0.026401298245106203
geometric_mean_Sensed_TAT_Sensed_WFuel,0.008717101680316374,-0.023492347615461116,-0.02639357194436431,0.02639357194436431
tri_diff_ratio_Sensed_WFuel_Sensed_T45_Sensed_P25,-0.006060687932577459,0.026358280271641908,0.014430089237870453,0.026358280271641908
ratio_inv_Sensed_P25_Sensed_T5,0.00680980987003449,-0.026299395152318127,-0.0184335835831391,0.026299395152318127
tri_diff_ratio_Sensed_Pamb_Sensed_T45_Sensed_P25,-0.006094430239596127,0.026272557852970627,0.01450275351429424,0.026272557852970627
tri_diff_ratio_Sensed_Mach_Sensed_T45_Sensed_P25,-0.006102595142183056,0.026216689581545678,0.014416255764901117,0.026216689581545678
ratio_Sensed_T45_Sensed_P25,0.006103115330985971,-0.026211006849502644,-0.014408437331121089,0.026211006849502644
tri_mean_ratio_Sensed_Mach_Sensed_T45_Sensed_P25,0.006103635487409482,-0.026205324323488752,-0.01440061921523178,0.026205324323488752
tri_sum_ratio_Sensed_Mach_Sensed_T45_Sensed_P25,0.006103635487409482,-0.026205324323488752,-0.01440061921523178,0.026205324323488752
tri_weighted_Sensed_Mach_Sensed_T45_Sensed_P25,0.006104155611453856,-0.02619964200352034,-0.014392801417251189,0.02619964200352034
sum_Sensed_Mach_Sensed_Pt2,-0.01679211510410365,-0.026167956788403703,0.02465139305587134,0.026167956788403703
tri_mean_ratio_Sensed_Pamb_Sensed_T45_Sensed_P25,0.006111794777235134,-0.02614948476001106,-0.01431416956657438,0.02614948476001106
tri_sum_ratio_Sensed_Pamb_Sensed_T45_Sensed_P25,0.006111794777235134,-0.02614948476001106,-0.01431416956657438,0.02614948476001106
interact_alt_squared_Sensed_Pt2,0.007530470461433565,-0.026106054186143004,0.0007368589271589971,0.026106054186143004
tri_weighted_Sensed_Pamb_Sensed_T45_Sensed_P25,0.006120468579528515,-0.026087991593998123,-0.01421995022857792,0.026087991593998123
product_Sensed_WFuel_Sensed_Ps3,0.00913103088344313,-0.026071059502167163,0.019266183042484043,0.026071059502167163
tri_mean_ratio_Sensed_WFuel_Sensed_T45_Sensed_P25,0.006144930736875642,-0.02606579240100168,-0.014387073574507666,0.02606579240100168
tri_sum_ratio_Sensed_WFuel_Sensed_T45_Sensed_P25,0.006144930736875642,-0.02606579240100168,-0.014387073574507666,0.02606579240100168
geometric_mean_Sensed_WFuel_Sensed_T45,0.008738228169729923,-0.021333020971697217,-0.026020904657925018,0.026020904657925018
tri_weighted_Sensed_WFuel_Sensed_T45_Sensed_P25,0.006186147126343058,-0.025922594644454896,-0.014365992366657334,0.025922594644454896
product_Sensed_WFuel_Sensed_P25,0.009897017479287867,-0.01624569455580062,-0.02569329203448486,0.02569329203448486
sum_Sensed_Pamb_Sensed_Pt2,-0.016805580348316626,-0.021556046281582354,0.02568939034325793,0.02568939034325793
press_sum_Sensed_Pamb_Sensed_Pt2,-0.016805580348316626,-0.021556046281582354,0.02568939034325793,0.02568939034325793
ratio_squared_Sensed_TAT_Sensed_VBV,0.000392356342241244,-0.005265421227120884,0.025613014409138612,0.025613014409138612
sqrt_Sensed_WFuel,0.009665212064222922,-0.017843492098695977,-0.025576853060549166,0.025576853060549166
tri_prod_ratio_Sensed_Mach_Sensed_T45_Sensed_P25,0.004507389080145083,-0.025420401884998278,-0.01587718455355068,0.025420401884998278
tri_prod_ratio_Sensed_Pamb_Sensed_T45_Sensed_P25,0.0055794006532205315,-0.025399845483753417,-0.01303205497183835,0.025399845483753417
geometric_mean_Sensed_WFuel_Sensed_Core_Speed,0.008770519689805134,-0.02528976358368762,-0.02536015522835853,0.02536015522835853
geometric_mean_Sensed_Pamb_Sensed_Pt2,-0.01662746534884694,-0.02015571986828095,0.02497282107724795,0.02497282107724795
press_product_Sensed_Pamb_Sensed_Pt2,-0.016816550197126856,-0.020128814365246363,0.024887523062788554,0.024887523062788554
product_Sensed_Pamb_Sensed_Pt2,-0.016816550197126856,-0.020128814365246363,0.024887523062788554,0.024887523062788554
tri_sum_prod_Sensed_Fan_Speed_Sensed_T3_Sensed_T45,0.0072749222935972815,-0.024869210444323823,-0.020546622825649775,0.024869210444323823
geometric_mean_Sensed_T25_Sensed_T3,0.006365445676074983,-0.024783228306634913,-0.005484194165448394,0.024783228306634913
geometric_mean_Sensed_WFuel_Sensed_T5,0.008918507136601346,-0.020649770314316016,-0.024680727061465596,0.024680727061465596
tri_diff_ratio_Sensed_Pamb_Sensed_WFuel_Sensed_P25,-0.010751939074578432,0.013671742344036515,0.024507363769063085,0.024507363769063085
harmonic_mean_Sensed_Pamb_Sensed_Pt2,-0.01639151810756068,-0.018639340976328952,0.024154875851823222,0.024154875851823222
ratio_squared_Sensed_Altitude_Sensed_Pt2,0.016767602783178338,0.013796798446151453,-0.024071779324630494,0.024071779324630494
ratio_Sensed_Altitude_Sensed_Pt2,0.017195226459476517,0.013901696887228296,-0.02397343316303876,0.02397343316303876
tri_ratio_diff_Sensed_Pamb_Sensed_Fan_Speed_Sensed_P25,-0.0029726622144761366,0.0037705022008104293,-0.02381607902219782,0.02381607902219782
tri_sum_ratio_Sensed_Mach_Sensed_Pamb_Sensed_Fan_Speed,-0.003469577158102041,0.0062248656267851026,-0.023716241088775764,0.023716241088775764
tri_mean_ratio_Sensed_Mach_Sensed_Pamb_Sensed_Fan_Speed,-0.003469577158102041,0.0062248656267851026,-0.023716241088775764,0.023716241088775764
harmonic_mean_Sensed_Altitude_Sensed_T25,0.005764205980067562,-0.023652452716966622,-0.017616091098779003,0.023652452716966622
norm_altitude_Sensed_Pt2,-0.017954654466022655,-0.01409012174442617,0.023624918719729507,0.023624918719729507
ratio_inv_Sensed_Altitude_Sensed_Pt2,-0.017954654466022655,-0.01409012174442617,0.023624918719729507,0.023624918719729507
diff_Sensed_Fan_Speed_Sensed_T25,-0.009980611077792583,0.013290738826363294,0.02354272743827254,0.02354272743827254
ratio_squared_Sensed_VAFN_Sensed_VBV,0.009196388370567004,0.018768743536948428,-0.02353007926399922,0.02353007926399922
tri_prod_ratio_Sensed_Mach_Sensed_Pamb_Sensed_Fan_Speed,-0.012651830721694186,0.0035653287141881092,-0.023297581635222952,0.023297581635222952
tri_diff_ratio_Sensed_Fan_Speed_Sensed_T3_Sensed_P25,-0.008098342939438233,0.023260658489644006,0.009853698013665506,0.023260658489644006
sum_Sensed_Altitude_Sensed_VAFN,0.016149778219088834,0.005056499040157329,-0.023192013040751143,0.023192013040751143
tri_sum_prod_Sensed_T45_Sensed_P25_Sensed_T5,0.008488718122979688,-0.020520393207683695,-0.02311261777371412,0.02311261777371412
interact_mach_squared_Sensed_VAFN,-0.011976158588025572,0.014174068265258709,-0.023035038604258387,0.023035038604258387
tri_sum_prod_Sensed_Pamb_Sensed_T45_Sensed_T5,0.008511618947016072,-0.020406958725592075,-0.02299546302017392,0.02299546302017392
tri_sum_prod_Sensed_Mach_Sensed_T45_Sensed_T5,0.008516438501271824,-0.020386682141076203,-0.022981064059988773,0.022981064059988773
product_Sensed_T45_Sensed_T5,0.008516981006770058,-0.020384629298428936,-0.022979417454451256,0.022979417454451256
temp_product_Sensed_T45_Sensed_T5,0.008516981006770058,-0.020384629298428936,-0.022979417454451256,0.022979417454451256
tri_prod_ratio_Sensed_Core_Speed_Sensed_T3_Sensed_P25,0.009777965844127637,-0.007981718922444855,0.02295461342809789,0.02295461342809789
tri_sum_prod_Sensed_WFuel_Sensed_T45_Sensed_T5,0.008539707507565858,-0.020284182515889204,-0.02290118162605217,0.02290118162605217
harmonic_mean_Sensed_Core_Speed_Sensed_T25,0.0060078027602813965,-0.02267154313661189,-0.016792389810684445,0.02267154313661189
tri_sum_ratio_Sensed_Pamb_Sensed_WFuel_Sensed_Core_Speed,0.011656523071364697,-0.0052770604791842896,-0.02255389621138689,0.02255389621138689
tri_mean_ratio_Sensed_Pamb_Sensed_WFuel_Sensed_Core_Speed,0.011656523071364697,-0.0052770604791842896,-0.02255389621138689,0.02255389621138689
ratio_inv_Sensed_Core_Speed_Sensed_T25,0.009425935128798494,-0.014121618960826542,-0.022316047215265592,0.022316047215265592
interact_alt_mach_Sensed_Core_Speed,-0.008590158465670364,-0.013377507143843696,0.022271608264993283,0.022271608264993283
harmonic_mean_Sensed_T25_Sensed_T3,0.0069186774775149736,-0.022016007762853007,-0.009528645840885723,0.022016007762853007
ratio_inv_Sensed_Pt2_Sensed_TAT,0.0035047034296897947,0.015643717602010578,0.02201246111014691,0.02201246111014691
product_Sensed_VBV_Sensed_Ps3,0.0034181879562771235,-0.0029108161413946305,0.021757237052267234,0.021757237052267234
ratio_Sensed_VBV_Sensed_T5,0.0033933288734134225,-0.003777274893058624,0.02164153583546881,0.02164153583546881
exp_Sensed_Pt2,-0.01414858833380284,-0.021632582218736464,0.016559855532280766,0.021632582218736464
tri_prod_ratio_Sensed_Fan_Speed_Sensed_T3_Sensed_P25,0.010178532122037261,-0.0071829921759560544,0.02162845982945985,0.02162845982945985
interact_mach_squared_Sensed_VBV,0.0031728054816997585,-0.0033945443239815683,0.02155152033683142,0.02155152033683142
ratio_Sensed_VBV_Sensed_T45,0.0034878827325472766,-0.0038893441019874145,0.02152361518497849,0.02152361518497849
ratio_Sensed_Pt2_Sensed_TAT,-0.00387567762578792,-0.01535305389064959,-0.021509913732077432,0.021509913732077432
ratio_inv_Sensed_Pamb_Sensed_Fan_Speed,0.0022035396973977108,-0.0057356465247431244,0.02148622943175022,0.02148622943175022
ratio_inv_Sensed_TAT_Sensed_VBV,0.0034628048575870577,-0.0038718680047760256,0.021428482877872312,0.021428482877872312
ratio_Sensed_VBV_Sensed_T25,0.0034974177524676633,-0.003969202089705368,0.021418370374594382,0.021418370374594382
interact_alt_mach_Sensed_VBV,0.0033154084600112354,-0.00353874652922673,0.02141104022707427,0.02141104022707427
product_Sensed_VBV_Sensed_P25,0.0035976866016710625,-0.0031477998932880696,0.02140422776151233,0.02140422776151233
interact_mach_Sensed_VBV,0.00346620634211891,-0.0035370258877814604,0.02138988893137238,0.02138988893137238
product_Sensed_Mach_Sensed_VBV,0.00346620634211891,-0.0035370258877814604,0.02138988893137238,0.02138988893137238
product_Sensed_WFuel_Sensed_VBV,0.0037043815479331234,-0.0028581405014925145,0.021337221731494216,0.021337221731494216
ratio_Sensed_VBV_Sensed_T3,0.0035973887206060414,-0.003957428866178236,0.021321918939081166,0.021321918939081166
product_Sensed_Pt2_Sensed_VBV,0.0037526835379713018,-0.0036696282155645995,0.02127574600184381,0.02127574600184381
product_Sensed_VBV_Sensed_Fan_Speed,0.003798639650415196,-0.0032433223903862,0.021273613961213335,0.021273613961213335
ratio_Sensed_VBV_Sensed_Core_Speed,0.0036641269775034603,-0.0038439698158471446,0.02127135737459324,0.02127135737459324
interact_alt_squared_Sensed_VBV,0.003461085470414664,-0.0036703296279345593,0.02126786398251995,0.02126786398251995
product_Sensed_VAFN_Sensed_VBV,0.003805776722907423,-0.003547280240895164,0.021255581152706544,0.021255581152706544
interact_alt_Sensed_VBV,0.0036196676666935767,-0.0036673260129653426,0.02124948531596942,0.02124948531596942
product_Sensed_Altitude_Sensed_VBV,0.0036196676666935767,-0.0036673260129653426,0.02124948531596942,0.02124948531596942
ratio_inv_Sensed_Pamb_Sensed_VBV,0.0036502580569804078,-0.0036567160914999734,0.02124553832419634,0.02124553832419634
harmonic_mean_Sensed_Mach_Sensed_VBV,0.003792314896627201,-0.0035492796837042536,0.021236591329104715,0.021236591329104715
harmonic_mean_Sensed_WFuel_Sensed_VBV,0.0038017190480168894,-0.0035256858503395407,0.021234868553493852,0.021234868553493852
log10_Sensed_VBV,0.0037786008754709588,-0.003629780906381446,0.021230437508199824,0.021230437508199824
log_Sensed_VBV,0.0037786008754709566,-0.003629780906381447,0.021230437508199824,0.021230437508199824
sqrt_Sensed_VBV,0.0037749983978010377,-0.0036477502065435266,0.021229328835483244,0.021229328835483244
harmonic_mean_Sensed_Pamb_Sensed_VBV,0.0037735846543620858,-0.0036550007663039307,0.02122885746674188,0.02122885746674188
harmonic_mean_Sensed_Pt2_Sensed_VBV,0.0037730056372422176,-0.0036574759588805334,0.021228752409040808,0.021228752409040808
harmonic_mean_Sensed_VBV_Sensed_P25,0.0037720385745188276,-0.003662395164760358,0.02122841129984542,0.02122841129984542
harmonic_mean_Sensed_VBV_Sensed_Ps3,0.003771435434594751,-0.0036653744204293934,0.021228226417007546,0.021228226417007546
harmonic_mean_Sensed_TAT_Sensed_VBV,0.0037714083680420083,-0.00366555575911503,0.02122820596099256,0.02122820596099256
harmonic_mean_Sensed_VBV_Sensed_T25,0.0037713995046243284,-0.0036655951454563247,0.021228204132045205,0.021228204132045205
harmonic_mean_Sensed_VBV_Sensed_Fan_Speed,0.0037713834309261334,-0.0036656616456769617,0.021228202198082854,0.021228202198082854
harmonic_mean_Sensed_VBV_Sensed_T3,0.0037713857275293644,-0.00366565338449727,0.02122820218297769,0.02122820218297769
harmonic_mean_Sensed_VBV_Sensed_T5,0.0037713885752491657,-0.003665645735498305,0.02122820140759599,0.02122820140759599
harmonic_mean_Sensed_VBV_Sensed_T45,0.003771383048589043,-0.003665667471196164,0.021228201054801367,0.021228201054801367
harmonic_mean_Sensed_VAFN_Sensed_VBV,0.003771377131430699,-0.003665690571869883,0.021228200757112195,0.021228200757112195
harmonic_mean_Sensed_Altitude_Sensed_VBV,0.0037713744598380896,-0.0036657033501650725,0.02122819999467714,0.02122819999467714
harmonic_mean_Sensed_VBV_Sensed_Core_Speed,0.003771374544133382,-0.003665703214415083,0.02122819996390103,0.02122819996390103
ratio_squared_Sensed_Pt2_Sensed_TAT,-0.0040572073411483086,-0.015195458183945458,-0.021218758533079564,0.021218758533079564
exp_Sensed_VBV,0.003716275383148454,-0.003923769060417821,0.021209794961605452,0.021209794961605452
product_Sensed_Pamb_Sensed_VBV,0.003888244417819828,-0.003675624949964651,0.02120912094209148,0.02120912094209148
ratio_inv_Sensed_Altitude_Sensed_VBV,0.003916383984525098,-0.0036654604605422768,0.021204256505051748,0.021204256505051748
norm_altitude_Sensed_VBV,0.003916383984525098,-0.0036654604605422768,0.021204256505051748,0.021204256505051748
ratio_inv_Sensed_VAFN_Sensed_VBV,0.003737102806344956,-0.003782106952550205,0.02120118213048973,0.02120118213048973
product_Sensed_VBV_Sensed_Core_Speed,0.0038800291459576727,-0.003482512733723478,0.021181732858474796,0.021181732858474796
ratio_Sensed_VBV_Sensed_Fan_Speed,0.0037375005557630284,-0.004063369788615122,0.021179394343073196,0.021179394343073196
ratio_inv_Sensed_Pt2_Sensed_VBV,0.0037863567686449904,-0.003660407081855412,0.021178032079119277,0.021178032079119277
geometric_mean_Sensed_Mach_Sensed_VBV,-0.00019153142421909474,0.0037695133936803907,0.021175757393962494,0.021175757393962494
product_Sensed_VBV_Sensed_T3,0.003946795683997294,-0.003361060700475306,0.02112263775118256,0.02112263775118256
ratio_inv_Sensed_WFuel_Sensed_VBV,0.0037976617817380193,-0.0043648134635741334,0.021107644233488404,0.021107644233488404
ratio_inv_Sensed_Mach_Sensed_VBV,0.004088944397200742,-0.003780603374102562,0.021066823398374814,0.021066823398374814
norm_mach_Sensed_VBV,0.004088944397200742,-0.003780603374102562,0.021066823398374814,0.021066823398374814
ratio_Sensed_VBV_Sensed_P25,0.0039298766062224435,-0.004139407854055429,0.02105673969704918,0.02105673969704918
product_Sensed_VBV_Sensed_T25,0.004054553689271115,-0.003347205615924393,0.021015742314665915,0.021015742314665915
product_Sensed_TAT_Sensed_VBV,0.00409115927323885,-0.0034523188535666985,0.021011954213228805,0.021011954213228805
geometric_mean_Sensed_VBV_Sensed_Ps3,-0.0005987659829231494,0.004268917076031636,0.021008950710308914,0.021008950710308914
geometric_mean_Sensed_Pt2_Sensed_VBV,-0.0001513499849794004,0.00370491956655148,0.020934185595231608,0.020934185595231608
geometric_mean_Sensed_WFuel_Sensed_VBV,-0.0002992224911129377,0.004215380201156564,0.020934097220254452,0.020934097220254452
product_Sensed_VBV_Sensed_T45,0.00406594017500019,-0.0034360711001015145,0.020894123351679086,0.020894123351679086
tri_sum_prod_Sensed_Fan_Speed_Sensed_T3_Sensed_T5,0.008395564416484832,-0.02089282642626139,-0.019233343780342943,0.02089282642626139
tri_ratio_diff_Sensed_Pamb_Sensed_WFuel_Sensed_Fan_Speed,-0.0023040592980587892,0.005416066685808026,-0.020891868516340492,0.020891868516340492
geometric_mean_Sensed_Pamb_Sensed_VBV,-6.951250167963087e-05,0.003696640653321817,0.02088084635165363,0.02088084635165363
geometric_mean_Sensed_VBV_Sensed_P25,-0.00047822448282166695,0.0040696822235347365,0.020788535282328657,0.020788535282328657
product_Sensed_VBV_Sensed_T5,0.004166821473988841,-0.003558226567431626,0.020766738837663428,0.020766738837663428
diff_Sensed_Altitude_Sensed_Ps3,0.014432020881601762,-0.006433051231307043,-0.020755332894773135,0.020755332894773135
geometric_mean_Sensed_VAFN_Sensed_VBV,-0.00026118523387709536,0.0038271341668504933,0.02074216249407754,0.02074216249407754
sum_Sensed_Altitude_Sensed_T3,0.015236899376788746,-0.020729064647416334,-0.008570828506807727,0.020729064647416334
geometric_mean_Sensed_Altitude_Sensed_VBV,-0.0003626569811616058,0.0037467365458761213,0.020724083872457687,0.020724083872457687
ratio_Sensed_VBV_Sensed_Ps3,0.004100708922130006,-0.004349758425645495,0.02072047633271701,0.02072047633271701
ratio_inv_Sensed_TAT_Sensed_T25,0.009341539219108871,-0.016006500959438265,-0.02070816256344526,0.02070816256344526
geometric_mean_Sensed_VBV_Sensed_Core_Speed,-0.00022395511929033463,0.0038642734085429856,0.020681214941173403,0.020681214941173403
tri_ratio_sum_Sensed_WFuel_Sensed_Fan_Speed_Sensed_T5,0.012439944433618516,-0.0067302440870637675,-0.02068096551462867,0.02068096551462867
geometric_mean_Sensed_VBV_Sensed_Fan_Speed,-0.0003477751298066084,0.004029387741561418,0.02066780287378873,0.02066780287378873
tri_prod_ratio_Sensed_Altitude_Sensed_T3_Sensed_P25,0.0116008097395304,-0.00691981907510936,0.02065247340858674,0.02065247340858674
geometric_mean_Sensed_VBV_Sensed_T3,-0.00023669308596084484,0.003917046023426558,0.0205930716302328,0.0205930716302328
geometric_mean_Sensed_TAT_Sensed_VBV,-8.068130322892806e-05,0.0038854623851179767,0.020573829787974052,0.020573829787974052
geometric_mean_Sensed_VBV_Sensed_T25,-0.0001614295233066665,0.003941524954369198,0.02051210008171714,0.02051210008171714
ratio_Sensed_Pamb_Sensed_Fan_Speed,-0.002650428188897956,0.00565234413334742,-0.020478898758035675,0.020478898758035675
geometric_mean_Sensed_VBV_Sensed_T45,-0.00020952052938244797,0.003838230726260281,0.020377156692753952,0.020377156692753952
geometric_mean_Sensed_VBV_Sensed_T5,-0.00013219832821036084,0.003720287081095299,0.020290542014367613,0.020290542014367613
tri_ratio_sum_Sensed_Pamb_Sensed_WFuel_Sensed_Fan_Speed,-0.002950920515499729,0.005863862045308834,-0.020089860508815952,0.020089860508815952
exp_Sensed_Pamb,-0.02004857251772945,-0.01192760644074603,0.013946379313990055,0.02004857251772945
sum_Sensed_Altitude_Sensed_T25,0.017456259125391456,-0.010829869045579319,-0.020048570009015096,0.020048570009015096
product_Sensed_Mach_Sensed_TAT,-0.013413301383649549,-0.0013744121066699908,0.020007547829324325,0.020007547829324325
interact_mach_Sensed_TAT,-0.013413301383649549,-0.0013744121066699908,0.020007547829324325,0.020007547829324325
ratio_squared_Sensed_Pamb_Sensed_Fan_Speed,-0.002866219524669337,0.005592326403028643,-0.019942019531891522,0.019942019531891522
geometric_mean_Sensed_Mach_Sensed_TAT,-0.013337009948531738,-0.0018932450524109766,0.019867838150326514,0.019867838150326514
tri_diff_ratio_Sensed_WFuel_Sensed_T3_Sensed_P25,-0.01067468468863774,0.006485686320107945,-0.019705312875687307,0.019705312875687307
tri_weighted_Sensed_Pamb_Sensed_T3_Sensed_P25,0.01069954290073702,-0.006362924829218148,0.019649515472069987,0.019649515472069987
tri_sum_ratio_Sensed_Pamb_Sensed_T3_Sensed_P25,0.010691793431401907,-0.006421589321789158,0.019560706846804138,0.019560706846804138
tri_mean_ratio_Sensed_Pamb_Sensed_T3_Sensed_P25,0.010691793431401907,-0.006421589321789158,0.019560706846804138,0.019560706846804138
tri_weighted_Sensed_Pamb_Sensed_WFuel_Sensed_Fan_Speed,0.010340050744179945,-0.0062130792256748215,-0.019531526229306335,0.019531526229306335
square_Sensed_T5,0.009519797754427118,-0.01616273157634899,-0.019500014564210518,0.019500014564210518
tri_weighted_Sensed_Mach_Sensed_T3_Sensed_P25,0.010684900017752295,-0.006469310241979077,0.01948659808072336,0.01948659808072336
tri_sum_ratio_Sensed_Mach_Sensed_T3_Sensed_P25,0.01068446889370817,-0.006474797934537278,0.01947922154236168,0.01947922154236168
tri_mean_ratio_Sensed_Mach_Sensed_T3_Sensed_P25,0.01068446889370817,-0.006474797934537278,0.01947922154236168,0.01947922154236168
ratio_Sensed_T3_Sensed_P25,0.010684037731266178,-0.006480285873661401,0.019471844624659312,0.019471844624659312
tri_diff_ratio_Sensed_Mach_Sensed_T3_Sensed_P25,-0.010683606530424532,0.006485774059340076,-0.01946446732762489,0.01946446732762489
tri_diff_ratio_Sensed_Pamb_Sensed_T3_Sensed_P25,-0.010676275797504171,0.0065390144806022794,-0.019382928803454366,0.019382928803454366
ratio_squared_Sensed_VBV_Sensed_T5,0.0018938178049922702,-0.008882153348267006,0.019365062656573874,0.019365062656573874
ratio_squared_Sensed_VBV_Sensed_T45,0.0019531700610277945,-0.008919872271942693,0.019299289816419728,0.019299289816419728
ratio_squared_Sensed_Mach_Sensed_VAFN,-0.012579619647071282,-0.019284202598463605,0.008874510119364288,0.019284202598463605
ratio_squared_Sensed_VBV_Sensed_T25,0.002003576341965162,-0.008957394315153404,0.019252701245321295,0.019252701245321295
ratio_inv_Sensed_Altitude_Sensed_Mach,-0.01924348324144219,0.00232859734135515,-0.0015874072911205694,0.01924348324144219
tri_sum_ratio_Sensed_WFuel_Sensed_T3_Sensed_P25,0.010693241550834166,-0.006474960204149956,0.019241843690796578,0.019241843690796578
tri_mean_ratio_Sensed_WFuel_Sensed_T3_Sensed_P25,0.010693241550834166,-0.006474960204149956,0.019241843690796578,0.019241843690796578
tri_sum_prod_Sensed_Altitude_Sensed_Pamb_Sensed_Fan_Speed,0.005265443016392586,-0.011691542622640622,0.019212345872704997,0.019212345872704997
ratio_squared_Sensed_VBV_Sensed_T3,0.0020763286817524888,-0.008965343129540719,0.01920668061344987,0.01920668061344987
ratio_Sensed_Mach_Sensed_VAFN,-0.012030664261546684,-0.019205731151063395,0.00826067396847396,0.019205731151063395
tri_sum_prod_Sensed_Altitude_Sensed_Mach_Sensed_Fan_Speed,0.0052689633453999836,-0.011687987532363452,0.01920007040675947,0.01920007040675947
product_Sensed_Altitude_Sensed_Fan_Speed,0.005269676838839308,-0.011688036936303419,0.019200033816487598,0.019200033816487598
interact_alt_Sensed_Fan_Speed,0.005269676838839308,-0.011688036936303419,0.019200033816487598,0.019200033816487598
ratio_squared_Sensed_VBV_Sensed_Core_Speed,0.0021887699936252512,-0.008946121484605614,0.019167397539666127,0.019167397539666127
tri_sum_prod_Sensed_Altitude_Sensed_WFuel_Sensed_Fan_Speed,0.0052971606015330235,-0.011707821022436045,0.019166965322143258,0.019166965322143258
square_Sensed_VBV,0.00233074335058597,-0.008911249481881156,0.019126994930247495,0.019126994930247495
ratio_squared_Sensed_VBV_Sensed_Fan_Speed,0.00217459683591275,-0.00900355634591137,0.019114409355189245,0.019114409355189245
power4_Sensed_VBV,0.00034106669965981495,-0.009350339787418014,0.019040388481211847,0.019040388481211847
ratio_squared_Sensed_VBV_Sensed_P25,0.002311891712456209,-0.009050754364132477,0.01902821033700621,0.01902821033700621
tri_weighted_Sensed_WFuel_Sensed_T3_Sensed_P25,0.01070229965165627,-0.006469707792378005,0.01901523400671607,0.01901523400671607
cube_Sensed_VBV,0.0009357292777205952,-0.009400898968121268,0.018932203031943276,0.018932203031943276
geometric_mean_Sensed_Altitude_Sensed_Fan_Speed,0.005403463407919865,-0.0115574259279537,0.018903286948835356,0.018903286948835356
tri_ratio_sum_Sensed_WFuel_Sensed_T45_Sensed_T5,0.01887318825462845,0.018564976129548046,-0.0027467650563563093,0.01887318825462845
tri_sum_prod_Sensed_T3_Sensed_T45_Sensed_T5,0.00919035980743488,-0.01742107033499289,-0.018856560229606113,0.018856560229606113
ratio_squared_Sensed_VBV_Sensed_Ps3,0.002468663623277476,-0.009135147153057908,0.018854037286934314,0.018854037286934314
norm_mach_Sensed_VAFN,0.010458388199724625,0.018837697324137672,-0.007185640166710149,0.018837697324137672
ratio_inv_Sensed_Mach_Sensed_VAFN,0.010458388199724625,0.018837697324137672,-0.007185640166710149,0.018837697324137672
ratio_inv_Sensed_VAFN_Sensed_T25,0.008108025531301454,-0.018799402689217447,-0.012072514238844327,0.018799402689217447
diff_Sensed_Altitude_Sensed_Fan_Speed,0.01562987262401663,-0.003632013966015247,-0.018745917447129477,0.018745917447129477
diff_Sensed_Altitude_Sensed_T3,0.012369683170506102,0.01149236056710233,-0.018743231394902436,0.018743231394902436
diff_Sensed_TAT_Sensed_T25,-0.009192802677110371,0.01554206747751046,0.018695050415718277,0.018695050415718277
tri_prod_ratio_Sensed_Pamb_Sensed_T3_Sensed_P25,0.010062880028148924,-0.006683442869655102,0.01861132863380977,0.01861132863380977
ratio_inv_Sensed_Ps3_Sensed_T45,0.010527448177572113,-0.010635228854247059,-0.01859577771534781,0.01859577771534781
temp_press_ratio_Sensed_T45_Sensed_Ps3,0.010527448177572113,-0.010635228854247059,-0.01859577771534781,0.01859577771534781
tri_ratio_sum_Sensed_WFuel_Sensed_Fan_Speed_Sensed_T45,0.012379277063405627,-0.007044066679309974,-0.018564597080616398,0.018564597080616398
tri_prod_ratio_Sensed_Altitude_Sensed_WFuel_Sensed_T45,0.018545084429984433,0.00993623043644077,-0.008880488489840823,0.018545084429984433
ratio_inv_Sensed_Fan_Speed_Sensed_T25,0.009025349325927863,-0.015057028161591433,-0.01834654411769482,0.01834654411769482
tri_ratio_sum_Sensed_WFuel_Sensed_Core_Speed_Sensed_T3,0.011279060328463293,-0.009282058437949995,-0.018220501504679493,0.018220501504679493
cbrt_Sensed_VBV,-0.0030942812037897684,0.005614628087001284,0.018102597160776415,0.018102597160776415
diff_Sensed_Pt2_Sensed_WFuel,-0.013666240088172152,0.004152996992963289,0.018063435261022616,0.018063435261022616
interact_alt_squared_Sensed_T25,0.010373685725051606,-0.018011849901727914,-0.017879049527692127,0.018011849901727914
ratio_squared_Sensed_WFuel_Sensed_T3,0.01176691653708563,-0.006119055514830945,-0.017927266235827292,0.017927266235827292
ratio_inv_Sensed_VBV_Sensed_Core_Speed,0.0033903386373319256,-0.01176074960279125,0.017789855657060722,0.017789855657060722
ratio_squared_Sensed_Pt2_Sensed_VBV,-0.0028509774224279856,-0.017772481479638374,0.010088856118931093,0.017772481479638374
tri_ratio_sum_Sensed_WFuel_Sensed_Core_Speed_Sensed_T5,0.011345070198986371,-0.009031735366736527,-0.017767979852398204,0.017767979852398204
product_Sensed_VAFN_Sensed_T25,0.008847291402078067,-0.012459164672633027,-0.017668756608525835,0.017668756608525835
ratio_inv_Sensed_Pt2_Sensed_T25,0.009688803247149113,-0.013864601347269676,-0.017642001195095926,0.017642001195095926
temp_press_ratio_Sensed_T25_Sensed_Pt2,0.009688803247149113,-0.013864601347269676,-0.017642001195095926,0.017642001195095926
ratio_Sensed_Altitude_Sensed_Mach,0.01750772109330717,-0.0012272961858900006,0.001806884044574338,0.01750772109330717
diff_Sensed_Mach_Sensed_Pamb,0.01026427587901296,0.0051691340078177574,-0.01744771070938711,0.01744771070938711
tri_ratio_sum_Sensed_WFuel_Sensed_Core_Speed_Sensed_T45,0.011386844972125087,-0.008849663329152498,-0.017426802712480066,0.017426802712480066
interact_mach_Sensed_Pamb,-0.017414575202337072,-0.0023954669913814923,-0.002434152285569492,0.017414575202337072
product_Sensed_Mach_Sensed_Pamb,-0.017414575202337072,-0.0023954669913814923,-0.002434152285569492,0.017414575202337072
harmonic_mean_Sensed_Pamb_Sensed_TAT,-0.013248123310542224,-0.005491129812463548,0.0174086228275203,0.0174086228275203
interact_alt_mach_Sensed_T25,0.0077057394392806965,-0.016056150501898136,-0.01740831844684755,0.01740831844684755
tri_sum_ratio_Sensed_Pamb_Sensed_WFuel_Sensed_Fan_Speed,0.010984467570411036,-0.007140359826678839,-0.017358489740632293,0.017358489740632293
tri_mean_ratio_Sensed_Pamb_Sensed_WFuel_Sensed_Fan_Speed,0.010984467570411036,-0.007140359826678839,-0.017358489740632293,0.017358489740632293
tri_weighted_Sensed_Mach_Sensed_WFuel_Sensed_Core_Speed,0.011338142258191077,-0.007329143083580368,-0.017356789849872746,0.017356789849872746
sum_Sensed_Fan_Speed_Sensed_T25,0.006721487327528125,-0.017327631116187087,-0.0059949733380482186,0.017327631116187087
tri_harmonic_Sensed_Pamb_Sensed_Fan_Speed_Sensed_T3,-0.013335423136880898,-0.00659001388283776,0.01725748299856668,0.01725748299856668
sum_Sensed_VAFN_Sensed_T3,0.005570453953049891,-0.017237191242542114,-0.005559004152738989,0.017237191242542114
tri_ratio_sum_Sensed_Pamb_Sensed_Fan_Speed_Sensed_P25,-0.0023316802828719724,0.007506698417317732,-0.017185284510204353,0.017185284510204353
tri_harmonic_Sensed_Pamb_Sensed_Core_Speed_Sensed_T3,-0.013309178775403068,-0.006548268897524244,0.01710815586207083,0.01710815586207083
temp_press_product_Sensed_T25_Sensed_Pt2,0.007363740600909913,-0.01708830540673044,-0.01230803991064615,0.01708830540673044
product_Sensed_Pt2_Sensed_T25,0.007363740600909913,-0.01708830540673044,-0.01230803991064615,0.01708830540673044
tri_prod_ratio_Sensed_Mach_Sensed_T3_Sensed_P25,0.00932210662477006,-0.006467973141908206,0.017087052047716718,0.017087052047716718
tri_harmonic_Sensed_Altitude_Sensed_Pamb_Sensed_T3,-0.013302772881635,-0.006540822052850342,0.017076405359172507,0.017076405359172507
harmonic_mean_Sensed_Pamb_Sensed_T3,-0.013304299845434197,-0.00653703953493492,0.017075596739557525,0.017075596739557525
tri_sum_prod_Sensed_Pamb_Sensed_T3_Sensed_T45,0.009186830783267716,-0.017038877389864066,-0.014809174665754944,0.017038877389864066
geometric_mean_Sensed_Mach_Sensed_Pamb,-0.017034037506181442,-0.0026005777975010858,-0.0024943461534213925,0.017034037506181442
tri_sum_prod_Sensed_Mach_Sensed_T3_Sensed_T45,0.009193915807944006,-0.017010922560644674,-0.014786439199914025,0.017010922560644674
temp_product_Sensed_T3_Sensed_T45,0.009194723689859222,-0.017008111993537654,-0.014783838762968925,0.017008111993537654
product_Sensed_T3_Sensed_T45,0.009194723689859222,-0.017008111993537654,-0.014783838762968925,0.017008111993537654
tri_sum_prod_Sensed_WFuel_Sensed_T3_Sensed_T45,0.009213311900320095,-0.016928750397116187,-0.014763491884786973,0.016928750397116187
tri_ratio_diff_Sensed_WFuel_Sensed_T45_Sensed_P25,0.01687962637012606,0.009620355837710804,-0.0075491587705234665,0.01687962637012606
product_Sensed_Altitude_Sensed_T25,0.00943601105132808,-0.01683377348181146,-0.016362207220211134,0.01683377348181146
interact_alt_Sensed_T25,0.00943601105132808,-0.01683377348181146,-0.016362207220211134,0.01683377348181146
tri_prod_ratio_Sensed_Altitude_Sensed_Mach_Sensed_Pamb,0.0009732300933485401,-0.0003151161945059693,-0.016806140328651593,0.016806140328651593
product_Sensed_Core_Speed_Sensed_T25,0.007631848647931732,-0.016767522549240434,-0.008273392373900835,0.016767522549240434
tri_diff_ratio_Sensed_Mach_Sensed_Pamb_Sensed_Fan_Speed,0.0017469606532912567,-0.004960480931350965,0.01674927928591545,0.01674927928591545
ratio_Sensed_WFuel_Sensed_T45,0.016748015732666655,0.009177354392587374,-0.007641701632433641,0.016748015732666655
interact_alt_squared_Sensed_Pamb,0.016691332890261097,-0.011626236553675364,-0.013932241706617752,0.016691332890261097
interact_mach_squared_Sensed_T25,0.005476613425824164,-0.014068209008249068,-0.01666843482530829,0.01666843482530829
tri_ratio_sum_Sensed_WFuel_Sensed_T45_Sensed_P25,0.01662111376725936,0.00875123136036021,-0.0077307779880510736,0.01662111376725936
diff_Sensed_Altitude_Sensed_TAT,0.015273719663786788,-0.004594729918067061,-0.016589377627618182,0.016589377627618182
tri_sum_ratio_Sensed_T3_Sensed_T45_Sensed_P25,0.00835117799937449,-0.016571365681922818,0.0021692364377452816,0.016571365681922818
tri_mean_ratio_Sensed_T3_Sensed_T45_Sensed_P25,0.00835117799937449,-0.016571365681922818,0.0021692364377452816,0.016571365681922818
tri_harmonic_Sensed_Pamb_Sensed_Fan_Speed_Sensed_Core_Speed,-0.01310895538802016,-0.005469100746616022,0.016552783607222732,0.016552783607222732
tri_harmonic_Sensed_Altitude_Sensed_Pamb_Sensed_Fan_Speed,-0.013102441713812411,-0.005461186929553117,0.016520761474696596,0.016520761474696596
harmonic_mean_Sensed_Pamb_Sensed_Fan_Speed,-0.013104058850991966,-0.005457858665245596,0.01652019095319741,0.01652019095319741
ratio_squared_Sensed_Altitude_Sensed_Mach,0.016477336714154002,-0.0006573108141544135,0.0018552230142109705,0.016477336714154002
ratio_inv_Sensed_Ps3_Sensed_T5,0.010873939605942582,-0.009532189688278566,-0.016402726196189397,0.016402726196189397
tri_sum_ratio_Sensed_Mach_Sensed_WFuel_Sensed_Core_Speed,0.011416285308119358,-0.007609560681898744,-0.01638798232932661,0.01638798232932661
tri_mean_ratio_Sensed_Mach_Sensed_WFuel_Sensed_Core_Speed,0.011416285308119358,-0.007609560681898744,-0.01638798232932661,0.01638798232932661
sum_Sensed_Pamb_Sensed_VBV,-0.013065366282185017,-0.00541141084200702,0.01637562392374553,0.01637562392374553
tri_harmonic_Sensed_Altitude_Sensed_Pamb_Sensed_Core_Speed,-0.013075856055260529,-0.005419543647876903,0.01637106196391233,0.01637106196391233
harmonic_mean_Sensed_Pamb_Sensed_Core_Speed,-0.013077488614097141,-0.005416235675189306,0.01637055531645748,0.01637055531645748
inv_Sensed_Pamb,0.012493430045467999,0.005103035457312637,-0.01634647460176747,0.01634647460176747
reciprocal_sqrt_Sensed_Pamb,0.012639407505369588,0.005177848847763692,-0.01634551308059979,0.01634551308059979
log_Sensed_Pamb,-0.012784626211093768,-0.005253132493113378,0.016343777293246133,0.016343777293246133
log10_Sensed_Pamb,-0.012784626211093768,-0.005253132493113457,0.016343777293246105,0.016343777293246105
cbrt_Sensed_Pamb,-0.012880991490403833,-0.005303568094353081,0.016342186226055957,0.016342186226055957
sqrt_Sensed_Pamb,-0.01292903418986444,-0.005328856470856852,0.016341259772435893,0.016341259772435893
harmonic_mean_Sensed_Altitude_Sensed_Pamb,-0.013070944376240741,-0.005408293130583079,0.016338446908022143,0.016338446908022143
square_Sensed_Pamb,-0.013356875384611843,-0.005558362364660645,0.01632895712266263,0.01632895712266263
cube_Sensed_Pamb,-0.013637107716999053,-0.0057129966120146045,0.016316755490030994,0.016316755490030994
power4_Sensed_Pamb,-0.013912880994017147,-0.005868636008729672,0.016301335475398825,0.016301335475398825
diff_Sensed_Pamb_Sensed_VBV,-0.013079750622942603,-0.00539855163560218,0.016300228918712918,0.016300228918712918
tri_ratio_diff_Sensed_Altitude_Sensed_Mach_Sensed_Pamb,0.012068429209437473,-0.0002824656960518264,-0.01628421736576012,0.01628421736576012
harmonic_mean_Sensed_Pamb_Sensed_VAFN,-0.013062745206335612,-0.005332955526131927,0.016277217042348722,0.016277217042348722
tri_ratio_diff_Sensed_Altitude_Sensed_T45_Sensed_T5,-0.0032273287444713724,0.016275256351464554,0.013722683610746168,0.016275256351464554
ratio_inv_Sensed_VBV_Sensed_T25,0.010116187712128423,-0.016254111656468024,-0.015751537021291232,0.016254111656468024
sum_Sensed_T25_Sensed_P25,0.008376910432774349,-0.01622993632073229,-0.015720493729811463,0.01622993632073229
ratio_inv_Sensed_Pamb_Sensed_T25,0.009098343230958332,-0.01591846230140163,-0.016191714507333883,0.016191714507333883
temp_press_ratio_Sensed_T25_Sensed_Pamb,0.009098343230958332,-0.01591846230140163,-0.016191714507333883,0.016191714507333883
product_Sensed_Fan_Speed_Sensed_T25,0.007966638604465046,-0.016151225727492606,-0.011471606401512837,0.016151225727492606
tri_ratio_diff_Sensed_Mach_Sensed_T45_Sensed_T5,-0.0035418768509073145,0.01614818857609514,0.013563558726997747,0.01614818857609514
tri_ratio_diff_Sensed_Pamb_Sensed_T45_Sensed_T5,-0.003479673007497075,0.01610121550855697,0.013751654996455408,0.01610121550855697
interact_alt_squared_Sensed_TAT,0.006940964138157071,-0.006181944353176854,0.01610089674741516,0.01610089674741516
tri_ratio_diff_Sensed_Fan_Speed_Sensed_T45_Sensed_T5,-0.003440582599631331,0.016094919952579445,0.014002769015482523,0.016094919952579445
geometric_mean_Sensed_WFuel_Sensed_T25,0.010879157881328943,-0.010944489399588073,-0.016012699817088145,0.016012699817088145
tri_prod_ratio_Sensed_WFuel_Sensed_Fan_Speed_Sensed_T45,0.015991467367675826,0.007775992942379243,-0.003925159938248306,0.015991467367675826
interact_mach_Sensed_T25,0.0069634179502261985,-0.01499993124082373,-0.015950105772229575,0.015950105772229575
product_Sensed_Mach_Sensed_T25,0.0069634179502261985,-0.01499993124082373,-0.015950105772229575,0.015950105772229575
tri_prod_ratio_Sensed_Altitude_Sensed_WFuel_Sensed_Core_Speed,0.011631763578633677,-0.008119976498259782,-0.01591387587481299,0.01591387587481299
ratio_inv_Sensed_Mach_Sensed_T25,0.009879200857112157,-0.015907232065114685,-0.013312050187556391,0.015907232065114685
norm_mach_Sensed_T25,0.009879200857112157,-0.015907232065114685,-0.013312050187556391,0.015907232065114685
tri_weighted_Sensed_Mach_Sensed_WFuel_Sensed_Fan_Speed,0.011201825560862258,-0.007763638326421034,-0.015864861007005144,0.015864861007005144
ratio_inv_Sensed_WFuel_Sensed_Ps3,-0.015860671706776557,-0.005247985626995409,-0.007132783749305488,0.015860671706776557
ratio_Sensed_VAFN_Sensed_VBV,0.008742911286171141,0.007630007834604651,-0.015820713433885927,0.015820713433885927
tri_harmonic_Sensed_Pamb_Sensed_T3_Sensed_T45,-0.01362935929525777,-0.008177038949184357,0.01576915220980707,0.01576915220980707
harmonic_mean_Sensed_Pamb_Sensed_T25,-0.013465055516372995,-0.006937142537513972,0.015747886713498783,0.015747886713498783
diff_Sensed_WFuel_Sensed_T25,-0.008459681269949447,0.015731151684308418,0.01486091670027575,0.015731151684308418
sum_Sensed_TAT_Sensed_T25,0.0077386870551194335,-0.015710100362603303,-0.01101678791162116,0.015710100362603303
sum_Sensed_Pt2_Sensed_T25,0.008464523514561652,-0.015702010110266534,-0.014827193390613887,0.015702010110266534
sum_Sensed_Pamb_Sensed_T25,0.008474291243174292,-0.01567614853972006,-0.01484677010928613,0.01567614853972006
diff_Sensed_Mach_Sensed_T25,-0.008484178026262989,0.01567319627098715,0.014856197682826106,0.01567319627098715
sum_Sensed_VBV_Sensed_T25,0.008482704912019965,-0.015673125674768994,-0.014857355925066493,0.015673125674768994
diff_Sensed_VBV_Sensed_T25,-0.00848269628721993,0.015673117204935305,0.014857403741509848,0.015673117204935305
sum_Sensed_Mach_Sensed_T25,0.008481223059786307,-0.01567304637858144,-0.014858561755681928,0.01567304637858144
interact_mach_squared_Sensed_Pamb,-0.015673032885280012,-0.0006283687497707904,-0.0064767114533762086,0.015673032885280012
diff_Sensed_Pamb_Sensed_T25,-0.008491107005461318,0.015670088024763846,0.014867984197732097,0.015670088024763846
diff_Sensed_Pt2_Sensed_T25,-0.008500870309066332,0.01564421185672054,0.014887553165164984,0.01564421185672054
norm_altitude_Sensed_Pamb,-0.014729808055801586,-0.0005202224221258012,0.015644165416969044,0.015644165416969044
ratio_inv_Sensed_Altitude_Sensed_Pamb,-0.014729808055801586,-0.0005202224221258012,0.015644165416969044,0.015644165416969044
diff_Sensed_Pamb_Sensed_WFuel,-0.012475791153538102,0.007612408914262202,0.015637232803086015,0.015637232803086015
sum_Sensed_Altitude_Sensed_Ps3,0.01562607954076453,-0.002973832783076278,-0.009135714932525157,0.01562607954076453
tri_mean_ratio_Sensed_Altitude_Sensed_Mach_Sensed_Pamb,0.013617718949493032,-0.0005110878745755382,-0.015623094875157159,0.015623094875157159
tri_sum_ratio_Sensed_Altitude_Sensed_Mach_Sensed_Pamb,0.013617718949493032,-0.0005110878745755382,-0.015623094875157159,0.015623094875157159
tri_weighted_Sensed_Altitude_Sensed_Mach_Sensed_Pamb,0.013617938533474979,-0.0005111294973967001,-0.015622976373027704,0.015622976373027704
ratio_Sensed_Altitude_Sensed_Pamb,0.01361815811856728,-0.0005111711208804423,-0.015622857865283928,0.015622857865283928
tri_diff_ratio_Sensed_Altitude_Sensed_Mach_Sensed_Pamb,0.01361859729208218,-0.0005112543698349518,-0.015622620832952582,0.015622620832952582
sum_Sensed_WFuel_Sensed_T25,0.008505365118009253,-0.015615955611500004,-0.014853884381715872,0.015615955611500004
tri_ratio_diff_Sensed_Core_Speed_Sensed_T45_Sensed_T5,-0.0036255230846686656,0.015615901040562758,0.013696625096489756,0.015615901040562758
ratio_squared_Sensed_Altitude_Sensed_Pamb,0.013045071335136766,-0.001003295540654316,-0.015588031529299645,0.015588031529299645
sum_Sensed_Mach_Sensed_Pamb,-0.015583237007484626,-0.0054584947058716185,0.014560203087523916,0.015583237007484626
inv_Sensed_Altitude,-0.015567266802639729,0.004012160007704716,0.015022859705426536,0.015567266802639729
tri_prod_ratio_Sensed_WFuel_Sensed_Core_Speed_Sensed_T45,0.015482721623299077,0.0055268288177680435,-0.0008602242682784582,0.015482721623299077
tri_ratio_diff_Sensed_WFuel_Sensed_Fan_Speed_Sensed_Core_Speed,0.011494044831439959,-0.0078776330748931,-0.015477233927669122,0.015477233927669122
interact_mach_squared_Sensed_Core_Speed,-0.015474710766206061,-0.0064903677396963115,0.013714098828393891,0.015474710766206061
tri_prod_ratio_Sensed_Pamb_Sensed_WFuel_Sensed_T45,0.015453184676449938,0.00785053027220771,-0.006581540876314431,0.015453184676449938
tri_prod_ratio_Sensed_Mach_Sensed_WFuel_Sensed_Core_Speed,0.011290241192850624,-0.007779835748202282,-0.015444808263857494,0.015444808263857494
reciprocal_sqrt_Sensed_Altitude,-0.015433911388316728,0.004190875088654205,0.015018456466623606,0.015433911388316728
tri_ratio_diff_Sensed_WFuel_Sensed_Core_Speed_Sensed_P25,0.01149032716767828,-0.007891839559029572,-0.015422067546091302,0.015422067546091302
ratio_Sensed_WFuel_Sensed_Core_Speed,0.01149094701627503,-0.007887778229891472,-0.015413607133922081,0.015413607133922081
tri_ratio_sum_Sensed_WFuel_Sensed_Core_Speed_Sensed_P25,0.011491564784985748,-0.007883730477534427,-0.01540517616708818,0.01540517616708818
tri_sum_prod_Sensed_Pamb_Sensed_WFuel_Sensed_T45,0.010574625820151269,-0.010702153330899465,-0.015394109772332923,0.015394109772332923
product_Sensed_Mach_Sensed_Pt2,-0.015392835336641951,-0.011816943272179668,0.005062028348737066,0.015392835336641951
interact_mach_Sensed_Pt2,-0.015392835336641951,-0.011816943272179668,0.005062028348737066,0.015392835336641951
temp_press_product_Sensed_T25_Sensed_Pamb,0.007851777322492174,-0.015387508192613641,-0.013570645833559575,0.015387508192613641
product_Sensed_Pamb_Sensed_T25,0.007851777322492174,-0.015387508192613641,-0.013570645833559575,0.015387508192613641
sum_Sensed_Altitude_Sensed_P25,0.014989164539308191,-0.004963303285092058,-0.015384911246125477,0.015384911246125477
tri_ratio_sum_Sensed_WFuel_Sensed_Fan_Speed_Sensed_Core_Speed,0.011488406868856271,-0.007896104561275166,-0.015360853442075165,0.015360853442075165
ratio_inv_Sensed_WFuel_Sensed_P25,-0.015360624327770606,0.003294144574828314,-0.004911296525339471,0.015360624327770606
tri_sum_ratio_Sensed_Mach_Sensed_WFuel_Sensed_Fan_Speed,0.011334014923636072,-0.007872906508672473,-0.015333303345022586,0.015333303345022586
tri_mean_ratio_Sensed_Mach_Sensed_WFuel_Sensed_Fan_Speed,0.011334014923636072,-0.007872906508672473,-0.015333303345022586,0.015333303345022586
log10_Sensed_Altitude,0.01529951458572061,-0.004368294820660758,-0.015012720291615954,0.01529951458572061
log_Sensed_Altitude,0.01529951458572051,-0.004368294820661723,-0.015012720291615454,0.01529951458572051
ratio_inv_Sensed_WFuel_Sensed_T3,-0.015255948497497243,0.003447508305367761,-0.0036152867656598147,0.015255948497497243
tri_prod_ratio_Sensed_Altitude_Sensed_WFuel_Sensed_Fan_Speed,0.011594589594705062,-0.008216901286742493,-0.015242434595744201,0.015242434595744201
tri_harmonic_Sensed_Pamb_Sensed_Fan_Speed_Sensed_T45,-0.013429849615153906,-0.007098395126663005,0.015213570676456917,0.015213570676456917
cbrt_Sensed_Altitude,0.015209375114132019,-0.004485814440768696,-0.015008163116614355,0.015209375114132019
ratio_inv_Sensed_WFuel_Sensed_T45,-0.015191863945980965,0.004555971948520052,-0.003816819947068213,0.015191863945980965
ratio_inv_Sensed_TAT_Sensed_WFuel,0.011497200611959335,-0.008135343243895565,-0.015188058723908042,0.015188058723908042
geometric_mean_Sensed_Altitude_Sensed_Mach,-0.002711322010233463,-0.0022655718228089938,-0.01516502934763334,0.01516502934763334
sqrt_Sensed_Altitude,0.01516415126458033,-0.004544337303347196,-0.015005666450939955,0.01516415126458033
product_Sensed_TAT_Sensed_T25,0.007723013950715887,-0.015156722198309634,-0.009600425390462668,0.015156722198309634
product_Sensed_Altitude_Sensed_Mach,-0.003021987627840085,-0.002138120828353072,-0.015147090419783498,0.015147090419783498
ratio_squared_Sensed_Altitude_Sensed_Ps3,0.011583353592174028,-0.006535420537575215,-0.015138335984042737,0.015138335984042737
interact_alt_squared_Sensed_WFuel,0.011651097666313958,-0.008564675559788768,-0.0151383209648609,0.0151383209648609
ratio_inv_Sensed_WFuel_Sensed_T25,-0.015138047046706982,0.004238328034966062,-0.004100473833454253,0.015138047046706982
ratio_squared_Sensed_Mach_Sensed_WFuel,-0.015133717646982375,0.0042626302193661935,-0.0040952661787118155,0.015133717646982375
ratio_squared_Sensed_Pt2_Sensed_WFuel,-0.01513371764697728,0.004262630219215477,-0.004095266178627741,0.01513371764697728
ratio_squared_Sensed_TAT_Sensed_WFuel,-0.015133717646950293,0.004262630219336903,-0.004095266178464203,0.015133717646950293
ratio_squared_Sensed_Pamb_Sensed_WFuel,-0.015133717646946918,0.004262630219330428,-0.004095266178651358,0.015133717646946918
ratio_squared_Sensed_Altitude_Sensed_WFuel,-0.01513371764679427,0.004262630219568634,-0.004095266178453982,0.01513371764679427
tri_prod_ratio_Sensed_Mach_Sensed_Pamb_Sensed_WFuel,-0.015133687072744737,0.004262920732673881,-0.004094905505340982,0.015133687072744737
ratio_Sensed_Mach_Sensed_WFuel,-0.015133672888725367,0.004262943210297491,-0.004094901323614038,0.015133672888725367
ratio_Sensed_Pt2_Sensed_WFuel,-0.015133670163172755,0.0042628970897656705,-0.004094855859298354,0.015133670163172755
tri_weighted_Sensed_Mach_Sensed_Pamb_Sensed_WFuel,-0.015133662113021258,0.0042629358313260165,-0.004094875219416137,0.015133662113021258
ratio_Sensed_TAT_Sensed_WFuel,-0.015133661703659018,0.004262935332722686,-0.004094803518032947,0.015133661703659018
tri_sum_ratio_Sensed_Mach_Sensed_Pamb_Sensed_WFuel,-0.015133661217942565,0.004262935218396619,-0.0040948730510905465,0.015133661217942565
tri_mean_ratio_Sensed_Mach_Sensed_Pamb_Sensed_WFuel,-0.015133661217942565,0.004262935218396619,-0.0040948730510905465,0.015133661217942565
ratio_Sensed_Pamb_Sensed_WFuel,-0.015133660160694815,0.0042629344944178265,-0.004094870489912265,0.015133660160694815
tri_diff_ratio_Sensed_Mach_Sensed_Pamb_Sensed_WFuel,0.015133658892815491,-0.004262933626203771,0.004094867418481874,0.015133658892815491
ratio_inv_Sensed_WFuel_Sensed_Fan_Speed,-0.015133654829665793,0.004262936293231899,-0.004094820831454711,0.015133654829665793
tri_prod_ratio_Sensed_Altitude_Sensed_Mach_Sensed_WFuel,-0.015133651370753426,0.004262960016405021,-0.004094893801046612,0.015133651370753426
inv_Sensed_WFuel,-0.015133643500200501,0.004262957967191816,-0.0040948651055955744,0.015133643500200501
tri_prod_ratio_Sensed_Altitude_Sensed_Pamb_Sensed_WFuel,-0.015133636523895952,0.004262951424185041,-0.004094861252676884,0.015133636523895952
ratio_inv_Sensed_WFuel_Sensed_VAFN,-0.015133635984610315,0.004263016845169348,-0.004094909114509098,0.015133635984610315
tri_mean_ratio_Sensed_Altitude_Sensed_Pamb_Sensed_WFuel,-0.015133618616137098,0.004262975755458343,-0.004094855926590014,0.015133618616137098
tri_sum_ratio_Sensed_Altitude_Sensed_Pamb_Sensed_WFuel,-0.015133618616137098,0.004262975755458343,-0.004094855926590014,0.015133618616137098
tri_weighted_Sensed_Altitude_Sensed_Pamb_Sensed_WFuel,-0.01513361860846309,0.004262975763079968,-0.004094855923899917,0.01513361860846309
tri_mean_ratio_Sensed_Altitude_Sensed_Mach_Sensed_WFuel,-0.015133618602603361,0.0042629757696145566,-0.004094855922728517,0.015133618602603361
tri_sum_ratio_Sensed_Altitude_Sensed_Mach_Sensed_WFuel,-0.015133618602603361,0.0042629757696145566,-0.004094855922728517,0.015133618602603361
tri_weighted_Sensed_Altitude_Sensed_Mach_Sensed_WFuel,-0.015133618601694815,0.004262975770159466,-0.004094855921968682,0.015133618601694815
ratio_Sensed_Altitude_Sensed_WFuel,-0.015133618600786247,0.004262975770704407,-0.00409485592120882,0.015133618600786247
tri_diff_ratio_Sensed_Altitude_Sensed_Mach_Sensed_WFuel,-0.015133618598969011,0.004262975771794333,-0.004094855919689023,0.015133618598969011
tri_diff_ratio_Sensed_Altitude_Sensed_Pamb_Sensed_WFuel,-0.015133618585424054,0.004262975785961739,-0.004094855915823652,0.015133618585424054
diff_Sensed_T25_Sensed_P25,0.008588181181469805,-0.015116899165424165,-0.01399534675083913,0.015116899165424165
ratio_Sensed_Mach_Sensed_Pamb,-0.005325391529599955,0.0021120417656917932,-0.015109028917431901,0.015109028917431901
reciprocal_sqrt_Sensed_WFuel,-0.015105950130498815,0.004401077108621034,-0.003925113404655334,0.015105950130498815
ratio_squared_Sensed_Mach_Sensed_Pamb,-0.005894933895104296,0.002578098543442627,-0.015085757073008646,0.015085757073008646
sum_Sensed_Altitude_Sensed_WFuel,0.015068773922238024,-0.004746932049375544,-0.015047998925370794,0.015068773922238024
diff_Sensed_Altitude_Sensed_P25,0.01506652852151139,-0.004474885635702498,-0.014610232955202473,0.01506652852151139
tri_harmonic_Sensed_Pamb_Sensed_Core_Speed_Sensed_T45,-0.013403438932119538,-0.0070564284787582475,0.015064627868305258,0.015064627868305258
harmonic_mean_Sensed_Pamb_Sensed_T45,-0.013398547353581524,-0.007045177799679109,0.015032046891424851,0.015032046891424851
tri_harmonic_Sensed_Altitude_Sensed_Pamb_Sensed_T45,-0.013397061864660144,-0.007049175538378435,0.015031988774806463,0.015031988774806463
diff_Sensed_Altitude_Sensed_Pt2,0.015031197936244465,-0.004704323726564045,-0.01500576672838926,0.015031197936244465
diff_Sensed_Altitude_Sensed_Mach,0.015028658546322031,-0.004718967919802327,-0.014996886100676532,0.015028658546322031
sum_Sensed_Altitude_Sensed_Pamb,0.015028408536583987,-0.004721726707047782,-0.014996907994902817,0.015028408536583987
sum_Sensed_Altitude_Sensed_VBV,0.015027898905759757,-0.004718925429585829,-0.014997301637852803,0.015027898905759757
diff_Sensed_Altitude_Sensed_VBV,0.01502789486572635,-0.004718921679868518,-0.01499732259439753,0.01502789486572635
tri_prod_ratio_Sensed_Pamb_Sensed_WFuel_Sensed_Core_Speed,0.011400712364180773,-0.00780210140861223,-0.015027455193419298,0.015027455193419298
diff_Sensed_Altitude_Sensed_Pamb,0.015027385499423873,-0.00471612194205036,-0.01499771599711718,0.015027385499423873
sum_Sensed_Altitude_Sensed_Mach,0.015027135195322013,-0.0047188791770913065,-0.014997738082369674,0.015027135195322013
sum_Sensed_Altitude_Sensed_Pt2,0.015024591906776255,-0.004733531550014556,-0.014988850480996034,0.015024591906776255
tri_ratio_sum_Sensed_Mach_Sensed_Pamb_Sensed_WFuel,-0.0066833273402637445,0.015013915063094664,0.0020520313455275746,0.015013915063094664
harmonic_mean_Sensed_TAT_Sensed_WFuel,0.011289594841998363,-0.008670352689904594,-0.015009525582191137,0.015009525582191137
geometric_mean_Sensed_Mach_Sensed_Pt2,-0.014997542219603815,-0.011908961692689582,0.0047794850093956665,0.014997542219603815
geometric_mean_Sensed_WFuel_Sensed_T3,0.010275389629927207,-0.014992701429457727,-0.014247462771319061,0.014992701429457727
exp_Sensed_Core_Speed,-0.003908331534941136,0.014987018250339875,0.01260676871899914,0.014987018250339875
diff_Sensed_Altitude_Sensed_WFuel,0.014986859786717825,-0.004690869412998565,-0.014946468578751673,0.014986859786717825
square_Sensed_Altitude,0.014753018467628136,-0.005063426845099074,-0.014976779598013308,0.014976779598013308
tri_ratio_diff_Sensed_WFuel_Sensed_T3_Sensed_T45,0.014965138793790175,0.005595612805723199,0.008577992748161841,0.014965138793790175
ratio_inv_Sensed_Mach_Sensed_Pamb,0.003964330559900978,-0.0011581897534972269,0.014956548914696121,0.014956548914696121
norm_mach_Sensed_Pamb,0.003964330559900978,-0.0011581897534972269,0.014956548914696121,0.014956548914696121
cube_Sensed_Altitude,0.014475486877817982,-0.005401235943556927,-0.01495129451237535,0.01495129451237535
tri_ratio_sum_Sensed_Altitude_Sensed_Mach_Sensed_Pamb,0.014931988881499117,-0.0007026320882351205,-0.014873248216355914,0.014931988881499117
power4_Sensed_Altitude,0.014195906130943247,-0.005731835642973377,-0.014921052692742142,0.014921052692742142
tri_prod_ratio_Sensed_WFuel_Sensed_Fan_Speed_Sensed_Core_Speed,0.011427473166681483,-0.00797010622794233,-0.014879205826631684,0.014879205826631684
tri_ratio_diff_Sensed_WFuel_Sensed_Fan_Speed_Sensed_P25,0.011455367431488202,-0.008027599991068755,-0.014876753676658453,0.014876753676658453
ratio_inv_Sensed_Pt2_Sensed_WFuel,0.011554537196556082,-0.007912629589159455,-0.014867331986129733,0.014867331986129733
tri_prod_ratio_Sensed_Mach_Sensed_WFuel_Sensed_Fan_Speed,0.011271931059414467,-0.007872444270991366,-0.014840383223297119,0.014840383223297119
ratio_squared_Sensed_VAFN_Sensed_Ps3,0.011556296137501188,-0.006012529533631849,-0.014812552921530362,0.014812552921530362
ratio_Sensed_WFuel_Sensed_Fan_Speed,0.01146297779390671,-0.007979948885375614,-0.014796753558862055,0.014796753558862055
sum_Sensed_Altitude_Sensed_TAT,0.014763520983667663,-0.004837987669093328,-0.013382074384076886,0.014763520983667663
interact_alt_mach_Sensed_WFuel,0.011317305588041325,-0.008167265751478092,-0.014757418232761207,0.014757418232761207
tri_ratio_sum_Sensed_WFuel_Sensed_Fan_Speed_Sensed_P25,0.011470309524855948,-0.00793403217167212,-0.014719759053735574,0.014719759053735574
interact_mach_squared_Sensed_Pt2,-0.014708486813465906,-0.0066121718799107875,-0.0009691090179119923,0.014708486813465906
interact_alt_Sensed_WFuel,0.011522587975510925,-0.00829485705713807,-0.014698603832912861,0.014698603832912861
product_Sensed_Altitude_Sensed_WFuel,0.011522587975510925,-0.00829485705713807,-0.014698603832912861,0.014698603832912861
tri_sum_prod_Sensed_Altitude_Sensed_Mach_Sensed_WFuel,0.011522577919879427,-0.008294845048836678,-0.014698592530254604,0.014698592530254604
tri_sum_prod_Sensed_Altitude_Sensed_Pamb_Sensed_WFuel,0.011522516126300593,-0.008294732292036724,-0.014698339724410849,0.014698339724410849
product_Sensed_WFuel_Sensed_VAFN,0.011447879872614997,-0.007647182779508252,-0.014685769164423271,0.014685769164423271
tri_sum_prod_Sensed_T3_Sensed_P25_Sensed_T5,0.009865907390431194,-0.014455760972226193,-0.01467323283316507,0.01467323283316507
product_Sensed_T25_Sensed_T45,0.010673234047316687,-0.010276996193478233,-0.014642960938695918,0.014642960938695918
temp_product_Sensed_T25_Sensed_T45,0.010673234047316687,-0.010276996193478233,-0.014642960938695918,0.014642960938695918
ratio_inv_Sensed_Pamb_Sensed_WFuel,0.011479737966754474,-0.008157791447428063,-0.014632005159613298,0.014632005159613298
norm_altitude_Sensed_T25,0.007550057527486231,-0.014574945434647083,-0.01341806025129838,0.014574945434647083
ratio_inv_Sensed_Altitude_Sensed_T25,0.007550057527486231,-0.014574945434647083,-0.01341806025129838,0.014574945434647083
tri_prod_ratio_Sensed_WFuel_Sensed_T45_Sensed_T5,0.011544948036118774,-0.007287173670334764,-0.014565364607939687,0.014565364607939687
tri_sum_prod_Sensed_Pamb_Sensed_T3_Sensed_T5,0.009890108334150828,-0.01433566420555931,-0.014548845682426446,0.014548845682426446
tri_sum_prod_Sensed_Mach_Sensed_T3_Sensed_T5,0.009895654566404543,-0.014312175723129088,-0.014530665615352142,0.014530665615352142
tri_sum_prod_Sensed_Pamb_Sensed_WFuel_Sensed_T5,0.01086619036813511,-0.009776105041244832,-0.014530582295061505,0.014530582295061505
temp_product_Sensed_T3_Sensed_T5,0.009896272430005404,-0.014309801245092912,-0.014528631875737628,0.014528631875737628
product_Sensed_T3_Sensed_T5,0.009896272430005404,-0.014309801245092912,-0.014528631875737628,0.014528631875737628
tri_harmonic_Sensed_WFuel_Sensed_Fan_Speed_Sensed_T5,0.011367402285457358,-0.008243587031665653,-0.014514430123953386,0.014514430123953386
tri_harmonic_Sensed_WFuel_Sensed_Fan_Speed_Sensed_T45,0.011367579923752456,-0.008242743860786935,-0.014514236144332572,0.014514236144332572
tri_harmonic_Sensed_Altitude_Sensed_WFuel_Sensed_Fan_Speed,0.011367852226193362,-0.008241505472888381,-0.014513386833486068,0.014513386833486068
tri_harmonic_Sensed_WFuel_Sensed_Fan_Speed_Sensed_T3,0.011367704988354727,-0.008242467478833598,-0.014512439546589286,0.014512439546589286
tri_prod_ratio_Sensed_Mach_Sensed_WFuel_Sensed_T45,0.014511140905327735,0.008582212097994618,-0.009099987795004014,0.014511140905327735
tri_harmonic_Sensed_WFuel_Sensed_Fan_Speed_Sensed_Core_Speed,0.0113682221087498,-0.008239434308034994,-0.01451093433861821,0.01451093433861821
tri_sum_prod_Sensed_WFuel_Sensed_T3_Sensed_T5,0.009909932689861373,-0.014249015455933609,-0.01450860675889135,0.01450860675889135
harmonic_mean_Sensed_WFuel_Sensed_Fan_Speed,0.011370912426253743,-0.008224656265201927,-0.014493844311430628,0.014493844311430628
tri_prod_ratio_Sensed_Pamb_Sensed_WFuel_Sensed_Fan_Speed,0.011378886732164997,-0.007886782063425999,-0.014452159574386506,0.014452159574386506
sum_Sensed_Mach_Sensed_WFuel,0.011208921657713158,-0.008048079515369606,-0.014450845955981216,0.014450845955981216
ratio_inv_Sensed_WFuel_Sensed_Core_Speed,-0.01443580035044034,0.006344117830768598,-0.0011890632309594687,0.01443580035044034
tri_diff_ratio_Sensed_Mach_Sensed_WFuel_Sensed_Core_Speed,-0.011562055969983243,0.0081635366922694,0.01443456274160064,0.01443456274160064
ratio_Sensed_WFuel_Sensed_VBV,0.01164089848628289,-0.00817711024738219,-0.014433433089961433,0.014433433089961433
tri_harmonic_Sensed_Pamb_Sensed_T3_Sensed_T5,-0.013977884163078566,-0.010025533721907457,0.014423390302206964,0.014423390302206964
interact_mach_squared_Sensed_WFuel,0.011044790719373396,-0.0078058567483726025,-0.014407161542648794,0.014407161542648794
ratio_squared_Sensed_Mach_Sensed_Ps3,0.011389473728177286,-0.006262211133088787,-0.014383550096772765,0.014383550096772765
harmonic_mean_Sensed_WFuel_Sensed_VAFN,0.01138950844642969,-0.008122478091871098,-0.01437571762465443,0.01437571762465443
interact_mach_Sensed_WFuel,0.011220632143631807,-0.007935113723368505,-0.014358930445052579,0.014358930445052579
product_Sensed_Mach_Sensed_WFuel,0.011220632143631807,-0.007935113723368505,-0.014358930445052579,0.014358930445052579
tri_harmonic_Sensed_WFuel_Sensed_T45_Sensed_T5,0.011395262326417483,-0.008090300818809189,-0.014336432539291996,0.014336432539291996
tri_harmonic_Sensed_Altitude_Sensed_WFuel_Sensed_T5,0.011395533444365018,-0.0080890544822859,-0.014335541340844828,0.014335541340844828
tri_harmonic_Sensed_Altitude_Sensed_WFuel_Sensed_T45,0.01139570338103658,-0.008088246935518842,-0.01433534565024134,0.01433534565024134
tri_harmonic_Sensed_WFuel_Sensed_T3_Sensed_T5,0.011395371071141337,-0.008090091472470494,-0.01433479544834212,0.01433479544834212
tri_harmonic_Sensed_WFuel_Sensed_T3_Sensed_T45,0.011395541009427291,-0.008089283963858988,-0.014334599135692232,0.014334599135692232
tri_harmonic_Sensed_Altitude_Sensed_WFuel_Sensed_T3,0.011395812196025944,-0.008088037408561163,-0.014333707865911554,0.014333707865911554
tri_harmonic_Sensed_WFuel_Sensed_Core_Speed_Sensed_T5,0.011395903708567634,-0.00808698204584829,-0.014333090856180928,0.014333090856180928
tri_harmonic_Sensed_WFuel_Sensed_Core_Speed_Sensed_T45,0.011396073538826827,-0.008086174979733454,-0.014332895124846864,0.014332895124846864
tri_harmonic_Sensed_Altitude_Sensed_WFuel_Sensed_Core_Speed,0.011396344815614658,-0.008084927717512456,-0.014332002770589618,0.014332002770589618
tri_harmonic_Sensed_WFuel_Sensed_Core_Speed_Sensed_T3,0.01139618213508964,-0.008085966349281718,-0.014331259471990657,0.014331259471990657
harmonic_mean_Sensed_WFuel_Sensed_T5,0.011398594995242865,-0.00807218881511235,-0.01431598532822881,0.01431598532822881
harmonic_mean_Sensed_WFuel_Sensed_T45,0.011398764088189463,-0.008071385153919683,-0.014315789435332026,0.014315789435332026
harmonic_mean_Sensed_Altitude_Sensed_WFuel,0.01139903526803393,-0.008070137048620588,-0.01431489301237934,0.01431489301237934
harmonic_mean_Sensed_WFuel_Sensed_T3,0.01139887112989129,-0.008071182922262221,-0.014314168982720508,0.014314168982720508
harmonic_mean_Sensed_WFuel_Sensed_Core_Speed,0.01139940544202802,-0.008068064895575364,-0.014312442107833659,0.014312442107833659
harmonic_mean_Sensed_WFuel_Sensed_T25,0.011399246569172789,-0.008068947773063525,-0.014312318575877262,0.014312318575877262
sum_Sensed_Altitude_Sensed_Fan_Speed,0.014304703896124154,-0.00576433996195091,-0.01113619748319528,0.014304703896124154
diff_Sensed_WFuel_Sensed_VBV,0.01140153373871851,-0.008052728167595091,-0.014298451619602947,0.014298451619602947
diff_Sensed_Altitude_Sensed_VAFN,0.013626941994363309,-0.014297799122540686,-0.0066001923355549445,0.014297799122540686
sum_Sensed_WFuel_Sensed_VBV,0.011402657882473435,-0.008053817536409779,-0.014292209002092379,0.014292209002092379
product_Sensed_Pt2_Sensed_VAFN,-0.0142648799327855,0.011836877387499209,-0.005728170847749069,0.0142648799327855
tri_diff_ratio_Sensed_Mach_Sensed_WFuel_Sensed_Fan_Speed,-0.01158859419229007,0.008084666668479002,0.014255678336120035,0.014255678336120035
ratio_inv_Sensed_Mach_Sensed_WFuel,0.011584370578758562,-0.00815632189868295,-0.014214886990700977,0.014214886990700977
norm_mach_Sensed_WFuel,0.011584370578758562,-0.00815632189868295,-0.014214886990700977,0.014214886990700977
geometric_mean_Sensed_Pt2_Sensed_VAFN,-0.014161138322813151,0.012013930668172869,-0.005798948520811419,0.014161138322813151
diff_Sensed_Mach_Sensed_WFuel,-0.011592533048084023,0.00805645173540347,0.014136136682064145,0.014136136682064145
tri_harmonic_Sensed_Mach_Sensed_P25_Sensed_T5,-0.012363664572600734,-0.002548825252846186,-0.014130960723964355,0.014130960723964355
cube_Sensed_T45,0.011058998921118618,-0.008953886266566732,-0.014105239092436368,0.014105239092436368
ratio_squared_Sensed_Fan_Speed_Sensed_Ps3,0.011471090245741854,-0.006376681672468588,-0.014077349592732859,0.014077349592732859
tri_harmonic_Sensed_Pamb_Sensed_T45_Sensed_T5,-0.014073088273113675,-0.010535564189461508,0.012378029209580442,0.014073088273113675
tri_harmonic_Sensed_Mach_Sensed_T45_Sensed_P25,-0.012348107604717221,-0.002467553456838416,-0.014071723251938109,0.014071723251938109
ratio_squared_Sensed_Pamb_Sensed_Ps3,0.0114877260980536,-0.0062347871056988,-0.014046708434537402,0.014046708434537402
tri_harmonic_Sensed_Altitude_Sensed_Mach_Sensed_P25,-0.012334112883271141,-0.002396149114540464,-0.014014870997666656,0.014014870997666656
harmonic_mean_Sensed_Mach_Sensed_P25,-0.012334430203595753,-0.0023960519325366483,-0.014014668870755063,0.014014668870755063
tri_harmonic_Sensed_Mach_Sensed_Core_Speed_Sensed_P25,-0.012334601949871621,-0.0023965543750283985,-0.01401321648532081,0.01401321648532081
tri_sum_prod_Sensed_Mach_Sensed_Pamb_Sensed_WFuel,0.011317604524664397,-0.007954277881901603,-0.014013108678859586,0.014013108678859586
tri_harmonic_Sensed_Mach_Sensed_Fan_Speed_Sensed_P25,-0.012334974396336327,-0.002398264022011652,-0.014006459967771985,0.014006459967771985
tri_harmonic_Sensed_Mach_Sensed_T3_Sensed_P25,-0.012343970052596572,-0.0024455290354745045,-0.01398162569023902,0.01398162569023902
product_Sensed_Pamb_Sensed_WFuel,0.011326197848854982,-0.007955879096130016,-0.013981540425207682,0.013981540425207682
norm_altitude_Sensed_WFuel,0.011289411176882737,-0.007837412486533009,-0.013925828849728778,0.013925828849728778
ratio_inv_Sensed_Altitude_Sensed_WFuel,0.011289411176882737,-0.007837412486533009,-0.013925828849728778,0.013925828849728778
ratio_Sensed_WFuel_Sensed_VAFN,0.011356747488949114,-0.008453939305516847,-0.013911196969313217,0.013911196969313217
tri_ratio_sum_Sensed_Altitude_Sensed_Pamb_Sensed_WFuel,0.012181442825777029,0.013903109599319403,0.003883914877577618,0.013903109599319403
product_Sensed_T25_Sensed_T5,0.010978216451238395,-0.009250900591720495,-0.013891516362640285,0.013891516362640285
temp_product_Sensed_T25_Sensed_T5,0.010978216451238395,-0.009250900591720495,-0.013891516362640285,0.013891516362640285
tri_ratio_diff_Sensed_T3_Sensed_T45_Sensed_T5,-0.0021741778710899005,0.01387467261451771,0.012673296227805492,0.01387467261451771
tri_harmonic_Sensed_Pamb_Sensed_Fan_Speed_Sensed_T5,-0.013779152044745453,-0.00894831053356364,0.013867721713608373,0.013867721713608373
ratio_squared_Sensed_Pt2_Sensed_Ps3,0.011447181891198241,-0.0063823052392111826,-0.013861096601328702,0.013861096601328702
product_Sensed_WFuel_Sensed_Fan_Speed,0.01134779209827882,-0.008120044542081947,-0.013810976425124317,0.013810976425124317
interact_mach_squared_Sensed_TAT,-0.013787985403809907,4.623491224715892e-06,0.007789847615440512,0.013787985403809907
product_Sensed_Pt2_Sensed_WFuel,0.011266779347832602,-0.008164802354971882,-0.013780576256296074,0.013780576256296074
tri_ratio_diff_Sensed_Mach_Sensed_Fan_Speed_Sensed_T3,-0.013775201591855812,-0.006241726636417472,-0.0012866517663557668,0.013775201591855812
tri_ratio_diff_Sensed_Altitude_Sensed_Mach_Sensed_WFuel,0.013769236552040036,0.010932177869886383,0.002074351731378689,0.013769236552040036
tri_harmonic_Sensed_Pamb_Sensed_Core_Speed_Sensed_T5,-0.013752822052735638,-0.008905937677150198,0.013719409888869072,0.013752822052735638
harmonic_mean_Sensed_Pamb_Sensed_T5,-0.013747947212951247,-0.008894699792586756,0.013686852769172649,0.013747947212951247
ratio_squared_Sensed_TAT_Sensed_Ps3,0.011465201998397515,-0.006271604244382344,-0.013747507772570371,0.013747507772570371
tri_harmonic_Sensed_Altitude_Sensed_Pamb_Sensed_T5,-0.013746617239824475,-0.008899482184403536,0.013686222210406685,0.013746617239824475
tri_ratio_diff_Sensed_Pamb_Sensed_Fan_Speed_Sensed_T3,-0.013739082513134415,-0.006207837983321578,-0.0012239244358397728,0.013739082513134415
tri_ratio_diff_Sensed_Altitude_Sensed_Fan_Speed_Sensed_T3,-0.013727965428991417,-0.006501059138683815,-0.0011704470856975645,0.013727965428991417
ratio_squared_Sensed_Pt2_Sensed_Fan_Speed,-0.008190313905378057,-0.013691387285623961,-0.007151888955885302,0.013691387285623961
tri_weighted_Sensed_Pamb_Sensed_WFuel_Sensed_P25,0.013649801407228159,0.008643817625100395,0.012704978876622516,0.013649801407228159
ratio_Sensed_Pt2_Sensed_Fan_Speed,-0.007959304723422784,-0.013638311620901681,-0.007611359885597973,0.013638311620901681
tri_sum_prod_Sensed_Mach_Sensed_WFuel_Sensed_Fan_Speed,0.011095253548650682,-0.008208083801808198,-0.013595599611651356,0.013595599611651356
ratio_squared_Sensed_Core_Speed_Sensed_Ps3,0.011462555274276393,-0.006359364831439344,-0.013521783417507687,0.013521783417507687
ratio_inv_Sensed_Pt2_Sensed_Fan_Speed,0.0074629189543782585,0.013510183327275535,0.008485960459628331,0.013510183327275535
ratio_squared_Sensed_WFuel_Sensed_T5,0.013487594553853169,0.0011929511215587152,-0.00846219536460988,0.013487594553853169
product_Sensed_TAT_Sensed_WFuel,0.011324380031701898,-0.007965718047515682,-0.013485907364055904,0.013485907364055904
ratio_squared_Sensed_Altitude_Sensed_VBV,0.013454698883513154,-0.006317777948394919,-0.012214741596390723,0.013454698883513154
ratio_inv_Sensed_WFuel_Sensed_T5,-0.013402803777533745,0.008079182019675217,0.0007324441422634923,0.013402803777533745
tri_harmonic_Sensed_Mach_Sensed_Pamb_Sensed_P25,-0.012834601320315182,-0.002714315736696433,-0.013383717045120432,0.013383717045120432
interact_alt_mach_Sensed_Pt2,-0.009329615412168882,-0.013371402227506388,-0.0006986273291241952,0.013371402227506388
temp_press_ratio_Sensed_T3_Sensed_Ps3,0.011180574837828274,-0.007823844493067476,-0.01336030190371952,0.01336030190371952
ratio_Sensed_T3_Sensed_Ps3,0.011180574837828274,-0.007823844493067476,-0.01336030190371952,0.01336030190371952
exp_Sensed_Ps3,-0.013312179204231299,-0.0046792442832716994,0.0017232476020002379,0.013312179204231299
product_Sensed_WFuel_Sensed_Core_Speed,0.01132844285303477,-0.008182977789364864,-0.01330350936719222,0.01330350936719222
tri_weighted_Sensed_T3_Sensed_T45_Sensed_P25,0.009119716495660662,-0.013256916223040155,0.00785811804052211,0.013256916223040155
power4_Sensed_Mach,-0.013164475399842073,0.0018853676243316816,-0.01028923867842636,0.013164475399842073
interact_mach_squared_Sensed_Fan_Speed,-0.013113155291626134,-0.0020714396224188695,0.0014739757676050487,0.013113155291626134
ratio_Sensed_T25_Sensed_Ps3,0.011570498720408228,-0.00631416181158255,-0.012923124716563757,0.012923124716563757
temp_press_ratio_Sensed_T25_Sensed_Ps3,0.011570498720408228,-0.00631416181158255,-0.012923124716563757,0.012923124716563757
sum_Sensed_Pamb_Sensed_WFuel,0.01026034932248952,-0.008437539770619725,-0.012868078823354305,0.012868078823354305
cube_Sensed_Mach,-0.012828137750551766,0.001299602090306275,-0.010316818012058663,0.012828137750551766
tri_mean_ratio_Sensed_Pamb_Sensed_WFuel_Sensed_P25,0.012787371001047135,0.0017217281392564914,0.0011570649098991996,0.012787371001047135
tri_sum_ratio_Sensed_Pamb_Sensed_WFuel_Sensed_P25,0.012787371001047135,0.0017217281392564914,0.0011570649098991996,0.012787371001047135
product_Sensed_Mach_Sensed_Fan_Speed,-0.012769979872624982,-0.004966224217152829,0.010714792086340198,0.012769979872624982
interact_mach_Sensed_Fan_Speed,-0.012769979872624982,-0.004966224217152829,0.010714792086340198,0.012769979872624982
tri_sum_prod_Sensed_Mach_Sensed_WFuel_Sensed_Core_Speed,0.011028122412435977,-0.00839760477169953,-0.012729345784741877,0.012729345784741877
geometric_mean_Sensed_Mach_Sensed_Fan_Speed,-0.012651953949555868,-0.005369548986469106,0.010577682655032963,0.012651953949555868
interact_alt_mach_Sensed_TAT,-0.006791034957270982,-0.0030286248901581214,0.01255485101087404,0.01255485101087404
exp_Sensed_Altitude,0.004070395956346523,-0.012437334727282767,-0.01176273091237946,0.012437334727282767
tri_harmonic_Sensed_Mach_Sensed_Pamb_Sensed_T5,-0.012428822636441477,-0.00036809614891203206,-0.00970217657310041,0.012428822636441477
tri_harmonic_Sensed_Mach_Sensed_Pamb_Sensed_T45,-0.01241307152113827,-0.00028573237526106996,-0.009642152020770733,0.01241307152113827
tri_harmonic_Sensed_Mach_Sensed_Pamb_Sensed_T3,-0.012408842966753753,-0.00026342768761652025,-0.009550905795374296,0.012408842966753753
square_Sensed_Mach,-0.012405804001808164,0.000705395179637666,-0.010295995114756689,0.012405804001808164
tri_harmonic_Sensed_Mach_Sensed_Pamb_Sensed_Fan_Speed,-0.012399837004367436,-0.0002154507457171502,-0.009575965364539155,0.012399837004367436
tri_harmonic_Sensed_Mach_Sensed_Pamb_Sensed_Core_Speed,-0.012399410161675072,-0.00021363749068076254,-0.009582599751759607,0.012399410161675072
harmonic_mean_Sensed_Mach_Sensed_Pamb,-0.01239923302970297,-0.00021312408836272282,-0.009584057453875035,0.01239923302970297
tri_harmonic_Sensed_Altitude_Sensed_Mach_Sensed_Pamb,-0.01239891930422941,-0.00021322557970257765,-0.009584287613473502,0.01239891930422941
tri_sum_prod_Sensed_Mach_Sensed_WFuel_Sensed_T45,0.011582536259194365,-0.006656165452174786,-0.012368245845255633,0.012368245845255633
ratio_Sensed_Pt2_Sensed_VBV,0.002239833880283225,-0.012337800202765195,0.0023019701509975603,0.012337800202765195
tri_diff_ratio_Sensed_Mach_Sensed_WFuel_Sensed_P25,-0.011769311999338273,0.0064450112087811665,0.01232617700794726,0.01232617700794726
tri_prod_ratio_Sensed_WFuel_Sensed_T3_Sensed_T5,0.012306177041062917,-0.004256239732182592,-0.007819684486402715,0.012306177041062917
ratio_squared_Sensed_WFuel_Sensed_T45,0.01228421097366618,-0.004045934192561747,-0.01096216950472334,0.01228421097366618
tri_ratio_diff_Sensed_WFuel_Sensed_Core_Speed_Sensed_T3,0.011773934139935919,-0.0060738867639243055,-0.012263348960611424,0.012263348960611424
tri_ratio_diff_Sensed_WFuel_Sensed_Core_Speed_Sensed_T45,0.011772111936531103,-0.006046823996867532,-0.012234099542104495,0.012234099542104495
harmonic_mean_Sensed_Mach_Sensed_Pt2,-0.012228485415935339,-0.0011406993980189956,-0.008732430658498961,0.012228485415935339
tri_ratio_diff_Sensed_WFuel_Sensed_Core_Speed_Sensed_T5,0.01177706779275989,-0.006031327004634147,-0.012209035953380517,0.012209035953380517
cube_Sensed_T5,0.011618240274332541,-0.00660663680840793,-0.012161995275884355,0.012161995275884355
ratio_Sensed_TAT_Sensed_VBV,0.003780377442419174,-0.005410637946904211,0.012133687354243212,0.012133687354243212
tri_sum_prod_Sensed_Mach_Sensed_WFuel_Sensed_T5,0.011655187013725732,-0.00639907790568959,-0.012084931076035945,0.012084931076035945
harmonic_mean_Sensed_Mach_Sensed_Ps3,-0.012006367505793165,0.00035286644264500254,-0.009470312926666672,0.012006367505793165
product_Sensed_WFuel_Sensed_T45,0.011701444412598941,-0.006229044081964355,-0.012006066589702002,0.012006066589702002
tri_sum_ratio_Sensed_Fan_Speed_Sensed_T45_Sensed_P25,0.008444600405766152,-0.01087382443351106,0.011975680883369894,0.011975680883369894
tri_mean_ratio_Sensed_Fan_Speed_Sensed_T45_Sensed_P25,0.008444600405766152,-0.01087382443351106,0.011975680883369894,0.011975680883369894
tri_diff_ratio_Sensed_Pamb_Sensed_WFuel_Sensed_Fan_Speed,-0.011738493889862586,0.008680340543506988,0.011959697544977594,0.011959697544977594
tri_prod_ratio_Sensed_WFuel_Sensed_T3_Sensed_T45,0.011941969703261212,-0.005801296619352664,-0.00983147781969626,0.011941969703261212
tri_harmonic_Sensed_Mach_Sensed_T45_Sensed_T5,-0.011937251089381533,-0.00012058316575971201,-0.010396619351286648,0.011937251089381533
tri_harmonic_Sensed_Mach_Sensed_T3_Sensed_T5,-0.011933025764599143,-9.832769487759518e-05,-0.010305481699700681,0.011933025764599143
tri_weighted_Sensed_Mach_Sensed_WFuel_Sensed_P25,0.011929758949639546,-0.004286895143005475,-0.009131504924546001,0.011929758949639546
diff_Sensed_Mach_Sensed_VBV,-0.011929234369263634,0.000140931370245693,-0.010418398048540362,0.011929234369263634
tri_harmonic_Sensed_Mach_Sensed_Fan_Speed_Sensed_T5,-0.011924030475998071,-5.040513230707491e-05,-0.010330508444560776,0.011924030475998071
tri_harmonic_Sensed_Mach_Sensed_Core_Speed_Sensed_T5,-0.011923628329789434,-4.8559980041995576e-05,-0.010337153184410853,0.011923628329789434
harmonic_mean_Sensed_Mach_Sensed_T5,-0.011923453813477147,-4.804311065325587e-05,-0.010338609845195693,0.011923453813477147
tri_harmonic_Sensed_Altitude_Sensed_Mach_Sensed_T5,-0.011923132877650946,-4.81519268498206e-05,-0.010338827828452288,0.011923132877650946
tri_harmonic_Sensed_Mach_Sensed_T3_Sensed_T45,-0.011917329172591215,-1.603950364657998e-05,-0.01024549636554974,0.011917329172591215
harmonic_mean_Sensed_Mach_Sensed_T25,-0.011909322758216549,3.9270467631911596e-05,-0.01024584931887682,0.011909322758216549
tri_harmonic_Sensed_Mach_Sensed_Fan_Speed_Sensed_T45,-0.011908332421113926,3.188375953600171e-05,-0.01027052184186809,0.011908332421113926
tri_harmonic_Sensed_Mach_Sensed_Core_Speed_Sensed_T45,-0.011907929304193144,3.373301959071814e-05,-0.010277163245855338,0.011907929304193144
harmonic_mean_Sensed_Mach_Sensed_T45,-0.011907754709945864,3.425021542512608e-05,-0.01027861962571612,0.011907754709945864
tri_harmonic_Sensed_Altitude_Sensed_Mach_Sensed_T45,-0.01190743381579187,3.414102712856991e-05,-0.01027883786733461,0.01190743381579187
tri_ratio_diff_Sensed_WFuel_Sensed_T45_Sensed_T5,0.011906522028679402,-0.005622878060663869,-0.011551071498288065,0.011906522028679402
tri_harmonic_Sensed_Mach_Sensed_Fan_Speed_Sensed_T3,-0.011904109973503588,5.4135030848430875e-05,-0.010179389790928854,0.011904109973503588
tri_harmonic_Sensed_Mach_Sensed_Core_Speed_Sensed_T3,-0.011903706848189154,5.5985305761947594e-05,-0.010186026725746384,0.011903706848189154
harmonic_mean_Sensed_Mach_Sensed_T3,-0.011903532244827802,5.650253755287368e-05,-0.010187482782971154,0.011903532244827802
tri_harmonic_Sensed_Altitude_Sensed_Mach_Sensed_T3,-0.011903211373467875,5.639325539059763e-05,-0.010187701428895827,0.011903211373467875
harmonic_mean_Sensed_Mach_Sensed_TAT,-0.011899515840982595,0.00010309412109898129,-0.010172438719389849,0.011899515840982595
tri_harmonic_Sensed_Mach_Sensed_Fan_Speed_Sensed_Core_Speed,-0.011894707913586105,0.00010391109752214741,-0.010211052664452873,0.011894707913586105
harmonic_mean_Sensed_Mach_Sensed_Fan_Speed,-0.011894533251628227,0.0001044285223058515,-0.010212508802103778,0.011894533251628227
tri_harmonic_Sensed_Altitude_Sensed_Mach_Sensed_Fan_Speed,-0.011894212396096195,0.00010431901657564132,-0.010212727342689461,0.011894212396096195
harmonic_mean_Sensed_Mach_Sensed_Core_Speed,-0.011894129145698902,0.00010628152635876447,-0.0102191470792184,0.011894129145698902
tri_harmonic_Sensed_Altitude_Sensed_Mach_Sensed_Core_Speed,-0.011893808258459376,0.00010617199440500404,-0.010219365602920538,0.011893808258459376
harmonic_mean_Sensed_Mach_Sensed_VAFN,-0.011893737758134262,0.00010976612440961094,-0.010223559225520873,0.011893737758134262
harmonic_mean_Sensed_Altitude_Sensed_Mach,-0.01189363357312519,0.00010668946157917775,-0.010220821807716246,0.01189363357312519
tri_prod_ratio_Sensed_Altitude_Sensed_WFuel_Sensed_P25,0.011883063985937695,-0.005762647179619983,-0.011325763423542188,0.011883063985937695
tri_mean_ratio_Sensed_Mach_Sensed_WFuel_Sensed_P25,0.011876955272179683,-0.005002008892433177,-0.010190174412477208,0.011876955272179683
tri_sum_ratio_Sensed_Mach_Sensed_WFuel_Sensed_P25,0.011876955272179683,-0.005002008892433177,-0.010190174412477208,0.011876955272179683
exp_Sensed_WFuel,0.011874910939298091,-0.005436218824789469,-0.011258339176010185,0.011874910939298091
exp_Sensed_T45,0.01187491093929809,-0.005436218824789468,-0.011258339176010181,0.01187491093929809
exp_Sensed_T3,0.01187491093929809,-0.005436218824789468,-0.011258339176010181,0.01187491093929809
exp_Sensed_T5,0.01187491093929809,-0.005436218824789468,-0.011258339176010181,0.01187491093929809
exp_Sensed_T25,0.01187491093929809,-0.005436218824789468,-0.011258339176010181,0.01187491093929809
power4_Sensed_WFuel,0.011874910513013667,-0.005436220712750453,-0.011258341397137493,0.011874910513013667
ratio_squared_Sensed_WFuel_Sensed_Ps3,0.011874887217675482,-0.005436310646028939,-0.011258513011532684,0.011874887217675482
cube_Sensed_WFuel,0.011874855751478449,-0.00543646785359554,-0.011258632416607907,0.011874855751478449
ratio_squared_Sensed_WFuel_Sensed_P25,0.01187449156183055,-0.005437546289506035,-0.01125835612248929,0.01187449156183055
power4_Sensed_T25,0.011873990528647762,-0.005439156124802447,-0.011259468918145067,0.011873990528647762
ratio_squared_Sensed_T25_Sensed_Ps3,0.011873709653302627,-0.005439477913324155,-0.011264709643186795,0.011873709653302627
ratio_squared_Sensed_WFuel_Sensed_VBV,0.011869891228333441,-0.005466049982701967,-0.01129314747366695,0.011869891228333441
ratio_squared_Sensed_T3_Sensed_Ps3,0.011869260296803774,-0.005454854716111885,-0.011275049494447844,0.011869260296803774
ratio_squared_Sensed_WFuel_Sensed_Core_Speed,0.011869239939875624,-0.005465431936153553,-0.011308626240041366,0.011869239939875624
ratio_squared_Sensed_WFuel_Sensed_Fan_Speed,0.011869202480385001,-0.0054652047782407995,-0.011299204403818689,0.011869202480385001
square_Sensed_WFuel,0.011868705644368227,-0.0054655119094146574,-0.011292777299141509,0.011868705644368227
ratio_squared_Sensed_WFuel_Sensed_VAFN,0.011868278195250928,-0.005469688097228178,-0.011288247196405145,0.011868278195250928
ratio_squared_Sensed_T25_Sensed_P25,0.011866612816882099,-0.005367303685972468,-0.010968206286261382,0.011866612816882099
cube_Sensed_T25,0.011858361654058805,-0.0054886384434794915,-0.011278026258540496,0.011858361654058805
sum_Sensed_Mach_Sensed_VBV,-0.011857647674105107,7.266127417266972e-05,-0.010021945289135314,0.011857647674105107
power4_Sensed_T3,0.011853079209843331,-0.005525517509750948,-0.011196011462555978,0.011853079209843331
tri_prod_ratio_Sensed_WFuel_Sensed_T3_Sensed_P25,0.011852613288032538,-0.005539625825144719,-0.011202655247313592,0.011852613288032538
power4_Sensed_T5,0.011849909912273113,-0.005550300444818749,-0.011346778593978918,0.011849909912273113
product_Sensed_WFuel_Sensed_T25,0.01183835946011056,-0.005602064042583486,-0.011405544643876147,0.01183835946011056
ratio_Sensed_WFuel_Sensed_Ps3,0.011832289728130461,-0.005617477310948625,-0.011597712115183473,0.011832289728130461
ratio_Sensed_WFuel_Sensed_P25,0.01182347453135833,-0.005721389683518999,-0.011255078594660671,0.01182347453135833
sum_Sensed_T25_Sensed_Ps3,0.009670722709920533,-0.011818684470697064,-0.0014567278735236845,0.011818684470697064
tri_prod_ratio_Sensed_WFuel_Sensed_T45_Sensed_P25,0.011818061649993149,-0.005676808475460695,-0.011425242600792473,0.011818061649993149
product_Sensed_WFuel_Sensed_T5,0.011746624248999473,-0.006040207609419579,-0.01179828773845821,0.01179828773845821
tri_prod_ratio_Sensed_WFuel_Sensed_Fan_Speed_Sensed_P25,0.01179589397393203,-0.00576632343267381,-0.011073165347320325,0.01179589397393203
ratio_squared_Sensed_T3_Sensed_P25,0.01179422728011564,-0.005508357624157738,-0.0090356942848947,0.01179422728011564
product_Sensed_WFuel_Sensed_T3,0.01179232588320635,-0.005851152151256705,-0.011393933003571529,0.01179232588320635
tri_prod_ratio_Sensed_Pamb_Sensed_WFuel_Sensed_P25,0.011785293048195328,-0.00572505977818495,-0.011197023877133951,0.011785293048195328
tri_prod_ratio_Sensed_WFuel_Sensed_Core_Speed_Sensed_P25,0.011781744987503484,-0.005829205959563871,-0.010918796244894672,0.011781744987503484
sum_Sensed_Pt2_Sensed_WFuel,0.008953955937441315,-0.011753641644120858,-0.010308363934471109,0.011753641644120858
power4_Sensed_T45,0.011748512681649576,-0.005980041788424308,-0.011700314752973832,0.011748512681649576
sqrt_Sensed_Mach,-0.011748461523045014,-5.1206555911190166e-05,-0.010193778255517014,0.011748461523045014
tri_prod_ratio_Sensed_Mach_Sensed_WFuel_Sensed_P25,0.011741497267811037,-0.005708436595503111,-0.011328948093598374,0.011741497267811037
tri_sum_prod_Sensed_Mach_Sensed_WFuel_Sensed_T3,0.011736552884309887,-0.0060109976500325665,-0.011294383601828478,0.011736552884309887
cube_Sensed_T3,0.011688889592743288,-0.0061976670483635775,-0.010727155015712808,0.011688889592743288
ratio_Sensed_T25_Sensed_P25,0.011616571389128074,-0.0034781932183358287,-0.002987905051475885,0.011616571389128074
square_Sensed_T25,0.011609010762573028,-0.006269716924830217,-0.011563722578929138,0.011609010762573028
log10_Sensed_Mach,-0.011596750587883248,-0.00020907374682916854,-0.010162824211471584,0.011596750587883248
log_Sensed_Mach,-0.011596750587883245,-0.00020907374682917375,-0.01016282421147158,0.011596750587883245
ratio_squared_Sensed_T45_Sensed_P25,0.011325833996307856,-0.007412964291771835,-0.011576000953865993,0.011576000953865993
cbrt_Sensed_Mach,-0.011501670713842218,-0.0002924812035256571,-0.010136849495468885,0.011501670713842218
ratio_squared_Sensed_Mach_Sensed_VBV,-0.003067105575485513,-0.0026766870950389416,-0.01142045035902553,0.01142045035902553
ratio_Sensed_Altitude_Sensed_VBV,0.01137775350060414,-0.005661068345168606,-0.010166344199958875,0.01137775350060414
tri_sum_prod_Sensed_Pamb_Sensed_WFuel_Sensed_T3,0.011292810048369985,-0.007544991501388376,-0.010101866035584488,0.011292810048369985
temp_product_Sensed_T25_Sensed_T3,0.01125765774128308,-0.007694993476928699,-0.010608634745923702,0.01125765774128308
product_Sensed_T25_Sensed_T3,0.01125765774128308,-0.007694993476928699,-0.010608634745923702,0.01125765774128308
square_Sensed_T3,0.010445741450388072,-0.011241569311052496,-0.007201251160587157,0.011241569311052496
tri_diff_ratio_Sensed_Pamb_Sensed_WFuel_Sensed_Core_Speed,-0.011165042182586085,0.010387449790659684,0.00806077453080569,0.011165042182586085
tri_prod_ratio_Sensed_T3_Sensed_T45_Sensed_P25,0.011011754400325624,-0.008823866011300564,-0.010408218079341093,0.011011754400325624
reciprocal_sqrt_Sensed_Mach,0.010953028000006288,0.0007892495539416743,0.009991036580088283,0.010953028000006288
tri_sum_prod_Sensed_Pamb_Sensed_WFuel_Sensed_Core_Speed,0.008957698543234374,-0.010919013759074076,-0.00422892538789001,0.010919013759074076
interact_alt_mach_Sensed_Pamb,-0.009147379904316189,-0.004857742926668764,-0.010848770493627875,0.010848770493627875
inv_Sensed_Mach,0.010592621788416969,0.001084887507737095,0.009880133078057712,0.010592621788416969
ratio_Sensed_Mach_Sensed_VBV,0.0016844724147659523,-0.004008542038324418,-0.010372742992960723,0.010372742992960723
diff_Sensed_Altitude_Sensed_T25,0.010151426755692233,0.001992332045304145,-0.0075856797970371825,0.010151426755692233
interact_alt_squared_Sensed_Fan_Speed,0.00957304758583308,-0.009887632269260514,0.005894098542847561,0.009887632269260514
tri_sum_prod_Sensed_Pamb_Sensed_WFuel_Sensed_Fan_Speed,0.009513118668398051,-0.00955354655297088,-0.008403186561595895,0.00955354655297088
exp_Sensed_Mach,-0.00689933486300196,0.009108119866355483,-0.004899296583781199,0.009108119866355483
reciprocal_sqrt_Sensed_VBV,0.008007813631206753,-0.005145739294319719,-0.008052054149240572,0.008052054149240572
inv_Sensed_VBV,0.007555708963136272,-0.004298211278009546,-0.006212950970369186,0.007555708963136272
ratio_inv_Sensed_VBV_Sensed_Fan_Speed,0.005000920611486748,-0.00727152439586099,0.006208625136518623,0.00727152439586099
interact_alt_mach_Sensed_Fan_Speed,-0.005395423870604109,-0.0062338245568681165,0.0035302574998936492,0.0062338245568681165
ratio_squared_Sensed_Pamb_Sensed_VBV,0.0005049478904532666,-0.005355524102651937,0.0025839199178169132,0.005355524102651937
ratio_Sensed_Pamb_Sensed_VBV,0.004263037464538031,-0.005173481654856201,-0.0020957577284826654,0.005173481654856201
